id,date,salesman,client,state,product,quantity,unit_price,total_price
1,04/01/2020,Daniel,Spotify,Nuevo León,Cobre,1.1025,2216.3732,2443.5515
2,07/01/2020,Carlos,Facebook,Puebla,Aluminio,28.6808,398.0374,11416.0311
3,25/01/2020,Felipe,Samsung,Veracruz,Cobre,65.6558,832.0196,54626.9125
4,26/07/2020,Felipe,Samsung,Jalisco,Cinc,55.6382,2232.1352,124191.9847
5,05/09/2020,Alejandro,Facebook,Guerrero,Zinc,66.1569,2218.2255,146750.9226
6,26/02/2020,Felipe,Amazon,Guerrero,Hierro,57.0465,1598.118,91167.0385
7,02/07/2020,Miguel,Microsoft,Puebla,Hierro,67.6585,3298.6284,223180.2496
8,16/05/2020,Miguel,Samsung,Ciudad de México,Titanio,69.6918,3131.4016,218233.014
9,06/01/2020,Sergio,Microsoft,Michoacán,Zinc,77.7921,3864.2542,300608.4492
10,06/08/2020,Juan,Huawei,Nuevo León,Oro,63.6605,4643.077,295580.6034
11,13/03/2020,Sergio,Samsung,Veracruz,Cinc,51.4868,1710.0336,88044.158
12,11/01/2020,Rodrigo,Samsung,Puebla,Platino,78.3144,4265.7129,334066.7463
13,23/04/2020,Javier,Netflix,Guerrero,Cinc,91.3048,2931.7501,267682.8565
14,06/08/2020,Carlos,Samsung,Jalisco,Platino,26.9679,845.1815,22792.7702
15,30/10/2020,Miguel,Amazon,Michoacán,Níquel,23.7592,217.006,5155.889
16,24/11/2020,Juan,Huawei,Nuevo León,Níquel,5.5813,3052.2692,17035.6301
17,13/03/2020,Miguel,Microsoft,Guerrero,Aluminio,78.4247,2953.7515,231647.0753
18,22/05/2020,Carlos,Samsung,Guerrero,Titanio,24.5384,4498.3806,110383.0625
19,20/10/2020,Rodrigo,Apple,Michoacán,Hierro,18.8396,2337.1233,44030.4681
20,11/01/2020,Felipe,Apple,Tamaulipas,Cinc,60.314,4028.643,242983.5739
21,04/01/2020,Javier,Samsung,Jalisco,Hierro,6.8904,1092.551,7528.1134
22,04/07/2020,Carlos,Google,Guerrero,Oro,7.5947,2703.2375,20530.2778
23,13/08/2020,Juan,Netflix,Tamaulipas,Cobre,41.8994,3000.8638,125734.3927
24,30/11/2020,Juan,Apple,Michoacán,Hierro,49.7167,4073.5603,202523.9754
25,31/08/2020,Alejandro,Google,Ciudad de México,Oro,5.7267,1235.7945,7077.0244
26,31/10/2020,David,Apple,Puebla,Hierro,76.1862,1069.4217,81475.1755
27,25/11/2020,Felipe,Facebook,Veracruz,Cinc,85.671,1908.9166,163538.794
28,01/11/2020,Miguel,Google,Veracruz,Oro,91.1779,3002.8708,273795.4535
29,09/02/2020,Carlos,Sony,Michoacán,Platino,68.0972,2535.6288,172669.2215
30,03/01/2020,Juan,Spotify,Puebla,Oro,89.1729,2221.1745,198068.5716
31,19/08/2020,Carlos,Microsoft,Michoacán,Níquel,70.6852,2924.2924,206704.1932
32,22/06/2020,Javier,Apple,Michoacán,Titanio,51.037,1285.338,65599.7955
33,16/07/2020,Felipe,Apple,Michoacán,Cinc,70.8242,3907.4393,276741.2625
34,19/12/2020,Miguel,Sony,Nuevo León,Cobre,92.8277,345.5307,32074.8202
35,21/09/2020,David,Spotify,Puebla,Níquel,42.8559,916.9556,39296.9575
36,06/11/2020,Alejandro,Microsoft,Nuevo León,Cobre,67.0847,816.1964,54754.2906
37,02/03/2020,Sergio,Amazon,Nuevo León,Hierro,7.3355,406.1024,2978.9642
38,04/08/2020,Carlos,Apple,Tamaulipas,Plata,58.8651,2465.1644,145112.1489
39,26/08/2020,Sergio,Apple,Ciudad de México,Hierro,37.8154,3974.4988,150297.2619
40,12/10/2020,David,Amazon,Michoacán,Cobre,75.1019,1655.0661,124298.6087
41,04/01/2020,Daniel,Samsung,Michoacán,Níquel,49.3336,568.0561,28024.2524
42,20/07/2020,Alejandro,Samsung,Guerrero,Hierro,81.4203,2345.6125,190980.4734
43,15/07/2020,Carlos,Spotify,Tamaulipas,Zinc,30.8083,4981.4381,153469.6394
44,26/06/2020,Miguel,Amazon,Jalisco,Aluminio,91.281,4762.8239,434755.3284
45,01/12/2020,Miguel,Huawei,Ciudad de México,Platino,41.7992,185.2875,7744.8693
46,02/06/2020,David,Netflix,Tamaulipas,Oro,17.8527,2444.5602,43641.9999
47,07/08/2020,Juan,Sony,Tamaulipas,Titanio,75.7744,3713.0321,281352.7796
48,11/04/2020,Daniel,Sony,Ciudad de México,Plata,31.2817,1048.303,32792.7
49,21/02/2020,Daniel,Google,Michoacán,Platino,81.8239,3859.2043,315775.1467
50,26/04/2020,Carlos,Samsung,Tamaulipas,Aluminio,96.2785,2543.4544,244879.9745
51,14/01/2020,Carlos,Samsung,Guerrero,Aluminio,46.7124,3363.2334,157104.7039
52,15/07/2020,Carlos,Amazon,Michoacán,Oro,3.7982,3242.2671,12314.7789
53,01/06/2020,Javier,Huawei,Veracruz,Cobre,1.7746,4919.203,8729.6176
54,17/12/2020,Carlos,Spotify,Guerrero,Zinc,8.0623,1012.3415,8161.8009
55,11/09/2020,Javier,Facebook,Jalisco,Oro,78.7741,4803.6111,378400.1412
56,12/11/2020,Carlos,Microsoft,Tamaulipas,Hierro,68.7247,1306.5177,89790.037
57,10/09/2020,Sergio,Huawei,Jalisco,Titanio,21.3503,2940.9402,62789.9556
58,10/06/2020,David,Samsung,Michoacán,Titanio,56.074,3136.9551,175901.6203
59,12/10/2020,Juan,Spotify,Jalisco,Oro,26.1533,962.4331,25170.8016
60,15/06/2020,Alejandro,Netflix,Ciudad de México,Cobre,45.8934,1673.7979,76816.2765
61,16/04/2020,Miguel,Netflix,Veracruz,Cinc,93.1534,2077.1583,193494.358
62,15/10/2020,Alejandro,Amazon,Tamaulipas,Plata,84.4616,1683.5876,142198.5024
63,30/04/2020,Rodrigo,Google,Nuevo León,Platino,72.6786,3091.0085,224650.1704
64,23/10/2020,Javier,Amazon,Veracruz,Aluminio,98.6183,1320.0068,130176.8266
65,27/10/2020,Felipe,Apple,Jalisco,Níquel,18.442,1844.8885,34023.4337
66,23/07/2020,Rodrigo,Netflix,Puebla,Titanio,82.9206,3956.4698,328072.8497
67,13/11/2020,Miguel,Google,Nuevo León,Oro,19.8374,2758.5245,54721.9539
68,25/12/2020,Javier,Microsoft,Michoacán,Titanio,20.6131,995.9578,20529.7777
69,27/04/2020,Sergio,Amazon,Puebla,Cinc,20.1397,1883.8441,37940.055
70,06/04/2020,Miguel,Spotify,Jalisco,Platino,37.1729,2908.0819,108101.8377
71,31/10/2020,Carlos,Netflix,Guerrero,Aluminio,71.7719,3933.854,282340.1759
72,23/01/2020,Alejandro,Samsung,Veracruz,Cinc,13.639,376.2011,5131.0068
73,28/01/2020,Juan,Sony,Jalisco,Hierro,59.6195,1696.8974,101168.1745
74,27/03/2020,Carlos,Google,Nuevo León,Aluminio,59.8712,2884.9165,172723.4128
75,29/01/2020,Daniel,Spotify,Nuevo León,Aluminio,18.6667,1309.5829,24445.5911
76,14/06/2020,Sergio,Microsoft,Guerrero,Zinc,89.7544,3706.8943,332710.0738
77,17/12/2020,Felipe,Sony,Nuevo León,Platino,95.123,3511.8807,334060.6278
78,04/03/2020,Javier,Samsung,Nuevo León,Níquel,60.1417,3511.7196,211200.7867
79,11/07/2020,Daniel,Amazon,Michoacán,Níquel,38.5142,2077.0459,79995.7612
80,08/04/2020,Carlos,Microsoft,Veracruz,Plata,55.0819,3231.1305,177976.8071
81,15/04/2020,Juan,Apple,Veracruz,Titanio,61.3131,4850.1246,297376.1746
82,29/02/2020,David,Sony,Tamaulipas,Cinc,42.727,2731.5007,116708.8304
83,20/02/2020,Juan,Huawei,Veracruz,Plata,56.5722,2275.4103,128724.9666
84,06/07/2020,Sergio,Huawei,Veracruz,Cinc,90.8742,705.1122,64076.5071
85,04/05/2020,David,Facebook,Michoacán,Aluminio,43.4934,2449.0107,106515.802
86,07/10/2020,Alejandro,Microsoft,Nuevo León,Plata,7.6123,3195.7279,24326.8395
87,06/03/2020,Daniel,Spotify,Michoacán,Níquel,33.8478,4480.7341,151662.9917
88,06/06/2020,Rodrigo,Facebook,Tamaulipas,Titanio,71.7568,236.4876,16969.5934
89,13/01/2020,David,Sony,Veracruz,Níquel,72.2112,3760.2235,271530.2512
90,19/07/2020,Felipe,Amazon,Michoacán,Hierro,26.417,3583.6483,94669.2371
91,11/09/2020,Javier,Facebook,Puebla,Platino,5.3844,3218.4074,17329.1928
92,23/11/2020,Juan,Facebook,Veracruz,Oro,49.7848,1481.7995,73771.0917
93,24/06/2020,Daniel,Huawei,Ciudad de México,Plata,83.1286,901.593,74948.1639
94,21/09/2020,Miguel,Facebook,Jalisco,Platino,44.7435,204.4755,9148.9495
95,19/09/2020,Sergio,Sony,Michoacán,Plata,79.9696,1001.0577,80054.1838
96,10/09/2020,Carlos,Samsung,Ciudad de México,Titanio,57.6489,4284.9441,247022.3139
97,12/08/2020,Javier,Huawei,Veracruz,Plata,92.5971,4313.7946,399444.87
98,15/01/2020,Carlos,Facebook,Michoacán,Titanio,86.0982,4076.2961,350961.7569
99,17/12/2020,Juan,Microsoft,Ciudad de México,Cobre,62.4518,2981.2611,186185.122
100,23/11/2020,Juan,Apple,Nuevo León,Titanio,78.8213,4432.4993,349375.3571
101,12/06/2020,Alejandro,Netflix,Jalisco,Oro,85.0842,3539.8123,301182.0977
102,26/01/2020,David,Huawei,Tamaulipas,Níquel,64.4948,1288.576,83106.4514
103,29/03/2020,Juan,Huawei,Puebla,Zinc,95.7363,1446.7326,138504.8262
104,09/01/2020,Sergio,Spotify,Tamaulipas,Oro,87.4262,1637.9077,143196.0462
105,27/05/2020,Juan,Microsoft,Tamaulipas,Plata,91.579,4813.72,440835.6639
106,29/12/2020,Carlos,Sony,Puebla,Oro,26.326,4867.69,128146.8069
107,20/07/2020,Miguel,Samsung,Nuevo León,Hierro,63.5178,892.9084,56715.5772
108,24/01/2020,Javier,Samsung,Jalisco,Plata,86.4064,597.0498,51588.9238
109,28/11/2020,Carlos,Samsung,Tamaulipas,Hierro,51.5825,613.3929,31640.3393
110,03/10/2020,Carlos,Amazon,Nuevo León,Cinc,57.3608,4422.7162,253690.5394
111,20/06/2020,Juan,Netflix,Jalisco,Hierro,35.3892,1957.4833,69273.768
112,30/04/2020,Juan,Sony,Michoacán,Platino,56.6984,683.0886,38730.0307
113,11/01/2020,Juan,Spotify,Veracruz,Oro,36.5496,4534.7291,165742.5347
114,18/11/2020,Alejandro,Samsung,Puebla,Oro,91.2992,3981.531,363510.5951
115,11/11/2020,David,Huawei,Veracruz,Titanio,24.5384,2790.0892,68464.3248
116,20/08/2020,Juan,Facebook,Nuevo León,Cobre,97.5715,4934.9803,481513.4303
117,18/10/2020,Sergio,Microsoft,Nuevo León,Zinc,47.524,1505.1755,71531.9605
118,17/03/2020,Alejandro,Microsoft,Veracruz,Cobre,16.9937,131.9903,2243.0036
119,05/01/2020,Daniel,Huawei,Veracruz,Níquel,92.4094,663.3772,61302.289
120,28/10/2020,Alejandro,Spotify,Nuevo León,Oro,68.6716,2891.01,198530.2823
121,28/06/2020,Juan,Netflix,Jalisco,Hierro,44.0379,1405.2667,61884.9944
122,24/04/2020,Rodrigo,Samsung,Puebla,Hierro,89.058,1294.7645,115309.1368
123,15/10/2020,Carlos,Samsung,Nuevo León,Platino,75.3798,4504.3717,339538.6379
124,11/10/2020,Felipe,Spotify,Michoacán,Aluminio,32.1027,3436.0135,110305.3106
125,30/05/2020,Felipe,Apple,Nuevo León,Aluminio,11.8882,4843.9186,57585.4731
126,04/03/2020,Daniel,Amazon,Nuevo León,Níquel,94.3816,2373.7118,224034.7176
127,13/02/2020,Alejandro,Sony,Jalisco,Aluminio,23.2038,4244.8204,98495.9636
128,24/09/2020,Alejandro,Google,Nuevo León,Oro,31.6412,3489.8827,110424.0765
129,31/01/2020,Sergio,Samsung,Jalisco,Oro,22.8319,3335.4982,76155.7614
130,05/05/2020,Rodrigo,Spotify,Jalisco,Platino,5.8224,688.4362,4008.3509
131,23/09/2020,Felipe,Netflix,Ciudad de México,Zinc,57.3743,2653.6299,152250.158
132,04/10/2020,Carlos,Huawei,Michoacán,Cobre,76.9783,2571.5803,197955.8798
133,07/06/2020,Javier,Amazon,Ciudad de México,Aluminio,51.0681,1766.6199,90217.9217
134,25/06/2020,Alejandro,Huawei,Puebla,Zinc,33.7408,4750.3982,160282.2356
135,28/10/2020,Felipe,Samsung,Jalisco,Aluminio,2.4832,3179.4183,7895.1315
136,12/03/2020,Carlos,Facebook,Tamaulipas,Cobre,18.6817,1975.0139,36896.6172
137,01/01/2020,Juan,Microsoft,Veracruz,Titanio,23.1746,2401.8962,55662.9837
138,23/08/2020,Sergio,Microsoft,Tamaulipas,Titanio,46.8015,3883.5688,181756.8452
139,06/01/2020,Rodrigo,Google,Veracruz,Zinc,80.8859,312.1897,25251.7449
140,06/11/2020,Miguel,Sony,Ciudad de México,Zinc,33.8758,1940.0843,65721.9077
141,09/07/2020,Sergio,Amazon,Veracruz,Hierro,4.8015,584.3928,2805.962
142,10/03/2020,Rodrigo,Sony,Veracruz,Titanio,17.8552,814.9306,14550.7488
143,10/05/2020,Sergio,Facebook,Tamaulipas,Aluminio,66.0759,2421.1065,159976.791
144,14/02/2020,Daniel,Samsung,Michoacán,Zinc,47.5309,3908.8164,185789.5614
145,04/05/2020,Daniel,Facebook,Guerrero,Plata,62.137,2294.7318,142587.7499
146,13/06/2020,Miguel,Netflix,Michoacán,Aluminio,21.7008,394.7861,8567.1742
147,24/02/2020,Miguel,Samsung,Tamaulipas,Hierro,58.0986,4707.4525,273496.3998
148,24/05/2020,David,Google,Guerrero,Cinc,36.5865,4111.3208,150418.8384
149,16/05/2020,Miguel,Netflix,Jalisco,Hierro,41.6394,3345.0735,139286.8535
150,24/08/2020,Carlos,Sony,Tamaulipas,Níquel,86.2823,4961.5984,428098.1216
151,08/06/2020,David,Amazon,Guerrero,Aluminio,78.3189,1163.6464,91135.506
152,30/07/2020,Miguel,Google,Nuevo León,Plata,82.1109,1671.1313,137218.0951
153,14/06/2020,Daniel,Facebook,Jalisco,Cobre,59.438,2312.2374,137434.7666
154,30/06/2020,Alejandro,Huawei,Veracruz,Titanio,22.6967,764.2273,17345.4378
155,04/05/2020,Juan,Spotify,Puebla,Titanio,51.3001,1071.6213,54974.2799
156,07/06/2020,Javier,Sony,Tamaulipas,Plata,53.5719,2895.5981,155122.6919
157,06/02/2020,Javier,Netflix,Guerrero,Níquel,8.264,2560.4232,21159.3373
158,03/03/2020,Rodrigo,Spotify,Ciudad de México,Platino,49.2896,326.6905,16102.4441
159,02/03/2020,Daniel,Amazon,Ciudad de México,Hierro,14.5264,3612.5248,52476.9803
160,10/06/2020,Sergio,Netflix,Tamaulipas,Plata,40.8267,4853.4215,198149.1836
161,24/06/2020,Alejandro,Apple,Ciudad de México,Plata,11.629,836.7354,9730.396
162,05/01/2020,Juan,Netflix,Michoacán,Hierro,22.7443,2905.8862,66092.3475
163,31/10/2020,Sergio,Netflix,Guerrero,Titanio,73.1705,4077.883,298380.7381
164,27/01/2020,David,Netflix,Jalisco,Cinc,74.126,1363.7861,101092.0084
165,12/05/2020,Carlos,Amazon,Nuevo León,Titanio,70.0514,2953.0565,206865.7421
166,12/05/2020,Carlos,Samsung,Jalisco,Oro,88.6039,686.2204,60801.8037
167,15/12/2020,Javier,Huawei,Michoacán,Cobre,43.0145,4216.8331,181384.9674
168,04/04/2020,Carlos,Google,Ciudad de México,Zinc,76.6618,3243.5191,248654.0125
169,14/11/2020,Juan,Google,Jalisco,Plata,92.8795,4812.6877,447000.0272
170,21/03/2020,Rodrigo,Microsoft,Nuevo León,Plata,42.1549,4091.2967,172468.2033
171,27/03/2020,Felipe,Google,Michoacán,Titanio,93.9569,2364.3729,222149.1481
172,14/03/2020,Felipe,Amazon,Nuevo León,Hierro,8.3891,2273.5495,19073.0341
173,04/04/2020,Alejandro,Apple,Puebla,Plata,95.5257,1732.4565,165494.1199
174,24/11/2020,Daniel,Apple,Tamaulipas,Oro,37.2221,2918.5405,108634.2063
175,24/02/2020,Rodrigo,Netflix,Veracruz,Oro,92.6837,3795.6077,351790.9654
176,29/05/2020,Javier,Samsung,Jalisco,Cinc,57.3308,1662.5314,95314.2552
177,10/08/2020,Miguel,Facebook,Tamaulipas,Cobre,73.1404,4832.4537,353447.5966
178,20/10/2020,Juan,Netflix,Veracruz,Titanio,59.1974,941.7442,55748.8081
179,04/12/2020,Miguel,Samsung,Tamaulipas,Cinc,85.0576,4398.3587,374113.835
180,28/03/2020,Sergio,Apple,Jalisco,Zinc,64.0979,1181.91,75757.949
181,10/07/2020,Felipe,Sony,Veracruz,Oro,72.3448,3724.9256,269478.9975
182,06/02/2020,Daniel,Amazon,Michoacán,Hierro,7.1335,2073.1655,14788.9261
183,02/03/2020,David,Spotify,Ciudad de México,Aluminio,65.3766,1997.2607,130574.1139
184,07/12/2020,Felipe,Apple,Guerrero,Titanio,36.3038,1049.3268,38094.5503
185,05/08/2020,Sergio,Google,Jalisco,Plata,39.9867,4890.6786,195562.098
186,06/08/2020,Daniel,Samsung,Guerrero,Platino,92.3983,3097.0503,286162.1827
187,19/03/2020,Juan,Netflix,Michoacán,Platino,47.82,2222.1672,106264.0355
188,24/11/2020,Felipe,Facebook,Michoacán,Oro,4.1222,4128.6503,17019.1223
189,06/04/2020,David,Facebook,Jalisco,Cobre,76.5803,615.8639,47163.0422
190,12/09/2020,Rodrigo,Huawei,Tamaulipas,Plata,34.4777,4687.3668,161609.6263
191,22/08/2020,Juan,Spotify,Puebla,Cinc,36.7209,276.6688,10159.5273
192,11/12/2020,Alejandro,Huawei,Puebla,Cobre,79.3133,3561.686,282489.0702
193,18/06/2020,Alejandro,Google,Tamaulipas,Níquel,30.2344,3858.3101,116653.6909
194,14/06/2020,David,Netflix,Michoacán,Zinc,41.9636,3639.5904,152730.3157
195,22/05/2020,Carlos,Sony,Guerrero,Aluminio,81.9118,2504.8693,205178.3531
196,22/02/2020,Carlos,Netflix,Veracruz,Níquel,71.5366,2391.2239,171060.0276
197,14/07/2020,Miguel,Amazon,Michoacán,Oro,36.2651,3379.8007,122568.8104
198,18/05/2020,Sergio,Sony,Tamaulipas,Cinc,87.9735,219.3048,19293.0108
199,04/12/2020,David,Google,Puebla,Níquel,99.216,2102.1274,208564.6721
200,10/03/2020,Daniel,Google,Puebla,Titanio,77.1122,452.4608,34890.2477
201,22/07/2020,David,Netflix,Veracruz,Plata,77.4609,4817.1628,373141.7659
202,28/03/2020,Daniel,Microsoft,Guerrero,Aluminio,95.1948,4493.8479,427790.9521
203,30/03/2020,Alejandro,Huawei,Tamaulipas,Zinc,79.2051,2704.19,214185.6394
204,16/06/2020,Daniel,Google,Tamaulipas,Oro,15.8547,1400.8469,22210.0073
205,06/09/2020,Rodrigo,Facebook,Ciudad de México,Zinc,85.4751,1773.9275,151626.6305
206,31/05/2020,David,Apple,Jalisco,Cobre,77.6721,428.7212,33299.6759
207,15/10/2020,David,Samsung,Michoacán,Zinc,50.2537,2226.1115,111870.3395
208,05/05/2020,Javier,Netflix,Tamaulipas,Hierro,42.318,4372.65,185041.8027
209,14/02/2020,David,Netflix,Guerrero,Oro,80.8104,3040.4391,245699.0998
210,26/02/2020,Rodrigo,Sony,Veracruz,Oro,82.1243,1261.9441,103636.2759
211,05/05/2020,Daniel,Sony,Puebla,Zinc,80.902,2822.7465,228365.8373
212,17/11/2020,Juan,Samsung,Michoacán,Plata,58.4431,774.7137,45276.6702
213,09/03/2020,Sergio,Facebook,Tamaulipas,Cobre,56.596,1041.8425,58964.1181
214,16/03/2020,David,Facebook,Puebla,Plata,89.8222,3738.1554,335769.342
215,28/02/2020,Felipe,Amazon,Michoacán,Cinc,78.8792,3457.0623,272690.3086
216,26/10/2020,Rodrigo,Sony,Jalisco,Cinc,51.711,352.8977,18248.693
217,14/12/2020,Felipe,Google,Ciudad de México,Cinc,37.6639,2535.6396,95502.0763
218,25/04/2020,Alejandro,Microsoft,Guerrero,Plata,56.7414,3637.526,206398.3178
219,09/10/2020,David,Google,Guerrero,Platino,32.6385,1909.6748,62328.921
220,11/04/2020,Javier,Google,Nuevo León,Titanio,3.9424,2241.4643,8836.7489
221,02/05/2020,Javier,Google,Jalisco,Platino,59.0238,4844.372,285933.2441
222,09/09/2020,Daniel,Spotify,Veracruz,Cinc,88.9873,1557.4784,138595.7976
223,23/12/2020,Miguel,Sony,Michoacán,Cobre,68.641,2731.1537,187469.1211
224,15/08/2020,David,Sony,Veracruz,Titanio,1.2486,2673.3132,3337.8989
225,06/07/2020,Javier,Samsung,Guerrero,Cobre,45.1509,3626.7739,163752.1057
226,15/12/2020,Felipe,Samsung,Guerrero,Titanio,31.9832,3187.2118,101937.2324
227,13/03/2020,Sergio,Apple,Tamaulipas,Oro,49.6992,1133.0149,56309.9341
228,19/03/2020,Rodrigo,Huawei,Puebla,Hierro,19.0251,3244.4928,61726.8
229,21/02/2020,Felipe,Spotify,Ciudad de México,Zinc,18.9907,4553.5253,86474.6329
230,23/03/2020,Javier,Google,Puebla,Oro,21.3069,527.1562,11232.0644
231,27/03/2020,Sergio,Amazon,Ciudad de México,Zinc,91.6004,2684.3739,245889.723
232,10/05/2020,Miguel,Amazon,Puebla,Níquel,67.4862,4091.2943,276105.9054
233,12/05/2020,Juan,Huawei,Puebla,Cinc,20.1973,497.4782,10047.7164
234,11/08/2020,Daniel,Huawei,Veracruz,Cobre,11.9945,2543.7469,30510.9722
235,12/08/2020,Alejandro,Facebook,Tamaulipas,Aluminio,40.1394,400.5217,16076.7007
236,04/12/2020,Javier,Spotify,Puebla,Hierro,10.0961,3783.9896,38203.5374
237,16/05/2020,Daniel,Microsoft,Jalisco,Titanio,83.2441,3961.9395,329808.0879
238,04/07/2020,Felipe,Google,Ciudad de México,Oro,32.9309,411.8141,13561.4089
239,21/10/2020,Javier,Netflix,Michoacán,Titanio,32.9176,630.3894,20750.9061
240,11/09/2020,Felipe,Google,Jalisco,Cobre,25.0874,485.0528,12168.7136
241,15/09/2020,Sergio,Samsung,Puebla,Cinc,33.6321,3393.1824,114119.8498
242,27/07/2020,Rodrigo,Spotify,Veracruz,Oro,51.8621,3228.1174,167416.9474
243,22/06/2020,Juan,Huawei,Tamaulipas,Aluminio,91.3831,2669.7919,243973.8602
244,30/07/2020,Sergio,Huawei,Guerrero,Cinc,62.7866,1415.6588,88884.4028
245,15/09/2020,Javier,Google,Guerrero,Oro,18.957,3412.674,64694.061
246,02/06/2020,Daniel,Microsoft,Veracruz,Hierro,67.8886,1866.5466,126717.2355
247,19/11/2020,Sergio,Huawei,Jalisco,Níquel,94.8752,2757.8612,261652.6329
248,19/05/2020,Juan,Facebook,Veracruz,Cinc,84.4584,2503.0806,211406.1825
249,15/01/2020,Sergio,Samsung,Puebla,Hierro,79.6967,557.16,44403.8134
250,05/12/2020,Carlos,Microsoft,Ciudad de México,Cinc,34.58,4094.4595,141586.4095
251,11/05/2020,Alejandro,Netflix,Puebla,Zinc,63.888,1238.1224,79101.1639
252,15/06/2020,Juan,Netflix,Veracruz,Cobre,39.0952,779.661,30481.0027
253,03/11/2020,Carlos,Facebook,Michoacán,Titanio,38.4463,4716.5731,181334.7844
254,14/02/2020,Rodrigo,Apple,Ciudad de México,Cinc,43.2177,1686.1971,72873.5604
255,22/10/2020,Carlos,Sony,Veracruz,Hierro,24.3634,262.7408,6401.2592
256,23/03/2020,Javier,Amazon,Ciudad de México,Cinc,22.9696,1261.8026,28983.101
257,04/02/2020,Javier,Facebook,Jalisco,Platino,85.8598,3315.1694,284639.7817
258,17/05/2020,Daniel,Spotify,Guerrero,Platino,47.9957,4929.8107,236609.7154
259,21/12/2020,David,Spotify,Michoacán,Cinc,69.7856,2186.5392,152588.95
260,08/09/2020,Alejandro,Google,Nuevo León,Níquel,60.9889,3468.8143,211559.1685
261,02/07/2020,David,Huawei,Puebla,Titanio,21.7252,2090.3227,45412.6787
262,05/04/2020,Miguel,Google,Veracruz,Plata,73.8911,2350.3713,173671.5208
263,07/01/2020,Rodrigo,Netflix,Ciudad de México,Níquel,4.3228,2050.7959,8865.1805
264,15/09/2020,Rodrigo,Apple,Jalisco,Zinc,69.2723,2233.8322,154742.6943
265,19/09/2020,Miguel,Amazon,Guerrero,Plata,70.9463,3966.9045,281437.1967
266,27/02/2020,Juan,Amazon,Guerrero,Oro,95.7807,4590.3235,439664.3981
267,12/10/2020,Javier,Huawei,Veracruz,Cinc,96.2675,911.4697,87744.9093
268,24/04/2020,Daniel,Amazon,Jalisco,Platino,87.1244,2641.841,230168.812
269,04/08/2020,Daniel,Netflix,Michoacán,Cinc,7.5123,2047.2015,15379.1918
270,17/06/2020,Juan,Microsoft,Guerrero,Oro,40.7628,3750.9774,152900.3416
271,01/02/2020,Sergio,Sony,Tamaulipas,Aluminio,62.5022,1418.2359,88642.8639
272,27/11/2020,Daniel,Facebook,Michoacán,Oro,28.7448,2833.7184,81454.6687
273,27/04/2020,Rodrigo,Microsoft,Tamaulipas,Cinc,56.5192,3585.7181,202661.9184
274,09/08/2020,Carlos,Amazon,Michoacán,Platino,29.4644,3137.0585,92431.5465
275,27/01/2020,Carlos,Microsoft,Veracruz,Platino,65.7438,3731.8197,245344.008
276,05/01/2020,David,Google,Veracruz,Aluminio,16.8726,1648.9587,27822.2206
277,20/02/2020,Alejandro,Huawei,Ciudad de México,Zinc,65.8853,1831.1524,120646.0252
278,04/04/2020,Javier,Netflix,Puebla,Oro,76.3607,4597.1648,351042.7221
279,24/01/2020,Daniel,Apple,Jalisco,Platino,1.7901,1125.814,2015.3196
280,24/10/2020,Javier,Samsung,Jalisco,Plata,19.9765,1870.0876,37357.8049
281,17/11/2020,David,Amazon,Michoacán,Zinc,2.8217,3473.9017,9802.3084
282,16/10/2020,Daniel,Google,Jalisco,Zinc,62.5999,220.4276,13798.7457
283,17/09/2020,Carlos,Samsung,Puebla,Plata,35.9983,4074.0589,146659.1945
284,16/09/2020,Sergio,Samsung,Veracruz,Hierro,74.1485,4524.4918,335484.2802
285,05/10/2020,Alejandro,Facebook,Guerrero,Cinc,60.454,2267.2185,137062.4272
286,28/03/2020,David,Spotify,Jalisco,Hierro,36.5093,3450.5536,125977.2965
287,06/12/2020,Carlos,Amazon,Puebla,Oro,86.8537,4259.0254,369912.1144
288,27/09/2020,Juan,Huawei,Nuevo León,Zinc,38.6973,4549.3074,176045.9133
289,29/01/2020,Alejandro,Facebook,Jalisco,Zinc,19.0539,3457.5625,65880.0501
290,08/06/2020,Rodrigo,Huawei,Puebla,Oro,84.6728,1147.1754,97134.5532
291,05/09/2020,David,Amazon,Puebla,Cinc,3.4343,2171.4359,7457.3623
292,22/10/2020,Javier,Huawei,Veracruz,Aluminio,20.4916,4637.1239,95022.0881
293,25/09/2020,Felipe,Amazon,Veracruz,Plata,54.9157,813.7725,44688.8865
294,02/10/2020,Daniel,Facebook,Puebla,Cinc,97.0543,2064.0688,200326.7525
295,11/05/2020,Felipe,Samsung,Michoacán,Titanio,44.0577,4417.9527,194644.8347
296,03/07/2020,Daniel,Google,Veracruz,Titanio,44.0824,923.7787,40722.3822
297,18/09/2020,Carlos,Samsung,Ciudad de México,Níquel,28.1193,4949.5887,139178.9695
298,28/03/2020,Alejandro,Netflix,Jalisco,Níquel,66.6284,3141.4028,209306.6423
299,27/04/2020,Juan,Google,Tamaulipas,Níquel,75.7198,3195.7579,241982.149
300,07/12/2020,Juan,Google,Ciudad de México,Cinc,37.6631,3171.7222,119456.8904
301,21/04/2020,Rodrigo,Spotify,Michoacán,Zinc,35.6426,1134.7318,40444.7917
302,30/10/2020,Daniel,Amazon,Nuevo León,Plata,61.7173,1776.623,109648.3747
303,03/11/2020,Alejandro,Huawei,Jalisco,Níquel,24.6915,4624.566,114187.4714
304,28/02/2020,Sergio,Netflix,Puebla,Aluminio,39.484,4605.8665,181858.0329
305,14/01/2020,Carlos,Facebook,Jalisco,Titanio,1.8537,4244.2914,7867.643
306,23/03/2020,Javier,Amazon,Jalisco,Zinc,34.2154,2484.9765,85024.4649
307,03/07/2020,Juan,Amazon,Michoacán,Plata,80.5947,2428.5748,195730.2574
308,08/07/2020,Juan,Amazon,Guerrero,Platino,71.224,1122.452,79945.5212
309,13/11/2020,David,Facebook,Nuevo León,Níquel,46.1776,2236.3138,103267.6041
310,09/07/2020,Javier,Samsung,Puebla,Zinc,37.9888,3543.2772,134604.8489
311,17/04/2020,Miguel,Netflix,Ciudad de México,Aluminio,37.1536,4713.0703,175107.5287
312,30/08/2020,David,Huawei,Nuevo León,Plata,3.4996,1452.41,5082.854
313,01/01/2020,Daniel,Facebook,Guerrero,Plata,27.7699,3502.1705,97254.9246
314,18/02/2020,Sergio,Netflix,Veracruz,Aluminio,15.7298,683.5575,10752.2228
315,18/09/2020,Sergio,Netflix,Ciudad de México,Cinc,34.0939,4914.6087,167558.1776
316,05/07/2020,Rodrigo,Netflix,Veracruz,Titanio,50.9916,1166.8137,59497.6975
317,07/03/2020,Alejandro,Samsung,Nuevo León,Aluminio,73.8144,3484.9298,257238.0022
318,12/03/2020,Sergio,Microsoft,Veracruz,Zinc,96.517,125.8668,12148.2859
319,20/09/2020,Juan,Samsung,Jalisco,Cinc,8.1809,741.3871,6065.2137
320,05/01/2020,David,Huawei,Tamaulipas,Platino,2.3223,2883.2038,6695.6642
321,08/02/2020,Felipe,Google,Puebla,Aluminio,9.68,786.4524,7612.8592
322,18/03/2020,Daniel,Apple,Veracruz,Níquel,15.7391,2618.7033,41216.0331
323,20/08/2020,Miguel,Facebook,Tamaulipas,Níquel,53.3469,912.3801,48672.65
324,09/08/2020,Daniel,Apple,Jalisco,Plata,88.1432,1240.6018,109350.6126
325,29/06/2020,Rodrigo,Sony,Ciudad de México,Platino,46.0755,203.5313,9377.8064
326,03/04/2020,David,Facebook,Michoacán,Níquel,58.0595,789.8169,45856.3743
327,10/03/2020,Miguel,Huawei,Michoacán,Cobre,63.0043,849.0449,53493.4796
328,12/04/2020,Carlos,Spotify,Puebla,Platino,44.6464,2133.2441,95241.6694
329,21/03/2020,Carlos,Sony,Nuevo León,Aluminio,49.1781,2591.9337,127466.3747
330,27/12/2020,Miguel,Netflix,Michoacán,Hierro,32.6515,1364.3394,44547.7279
331,28/02/2020,Felipe,Spotify,Tamaulipas,Hierro,83.8338,3676.1083,308182.128
332,11/08/2020,Javier,Netflix,Guerrero,Oro,46.5136,3242.2557,150808.9847
333,11/05/2020,David,Google,Michoacán,Platino,58.3565,3450.7536,201373.9025
334,15/08/2020,Alejandro,Facebook,Nuevo León,Níquel,68.7892,2077.733,142925.5909
335,13/09/2020,Juan,Spotify,Nuevo León,Zinc,9.5194,3130.6012,29801.4451
336,17/01/2020,Sergio,Netflix,Nuevo León,Plata,33.0772,3519.6742,116420.9674
337,20/10/2020,Miguel,Microsoft,Puebla,Platino,89.4269,4020.2209,359515.8924
338,14/04/2020,Rodrigo,Facebook,Nuevo León,Níquel,5.2948,1860.9386,9853.2977
339,01/11/2020,Carlos,Huawei,Nuevo León,Plata,65.0961,3085.929,200881.9428
340,12/10/2020,David,Facebook,Guerrero,Cinc,28.906,1685.7045,48726.9743
341,17/03/2020,Alejandro,Netflix,Jalisco,Hierro,65.3269,1692.0417,110535.8389
342,23/02/2020,David,Amazon,Michoacán,Oro,31.0102,4469.9873,138615.2002
343,24/09/2020,Juan,Sony,Guerrero,Cobre,16.2425,538.6747,8749.4238
344,02/07/2020,Rodrigo,Sony,Tamaulipas,Oro,17.5035,772.0557,13513.6769
345,29/07/2020,Rodrigo,Google,Veracruz,Aluminio,51.2785,3800.1923,194868.1609
346,09/04/2020,Sergio,Netflix,Ciudad de México,Platino,52.7975,4362.9537,230353.048
347,28/02/2020,Carlos,Netflix,Jalisco,Zinc,74.1929,4381.0535,325043.0642
348,30/12/2020,Carlos,Microsoft,Jalisco,Níquel,89.2707,4629.2796,413259.0304
349,10/03/2020,David,Samsung,Veracruz,Cinc,99.0676,3908.9123,387246.5602
350,16/11/2020,Felipe,Netflix,Tamaulipas,Oro,11.2816,2296.0163,25902.7375
351,20/06/2020,David,Samsung,Veracruz,Oro,9.9627,648.9546,6465.34
352,20/10/2020,Daniel,Facebook,Ciudad de México,Cobre,87.3956,736.2557,64345.5087
353,09/03/2020,Rodrigo,Netflix,Veracruz,Aluminio,69.3164,1587.7317,110055.8456
354,25/12/2020,Felipe,Amazon,Ciudad de México,Titanio,90.5601,4589.8879,415660.7072
355,03/03/2020,Juan,Spotify,Guerrero,Hierro,47.3931,2192.0615,103888.5899
356,15/09/2020,Juan,Facebook,Michoacán,Titanio,51.4598,459.3845,23639.8345
357,13/12/2020,Carlos,Samsung,Veracruz,Plata,66.7641,3441.3358,229757.6875
358,06/05/2020,Javier,Huawei,Michoacán,Hierro,15.3549,2972.519,45642.732
359,23/05/2020,Daniel,Sony,Nuevo León,Plata,28.1388,3579.4022,100720.0826
360,19/11/2020,Javier,Google,Puebla,Níquel,23.0305,3834.6867,88314.752
361,07/07/2020,Sergio,Amazon,Michoacán,Zinc,2.3789,4568.964,10869.1085
362,20/01/2020,Daniel,Spotify,Michoacán,Cinc,74.4825,3177.7394,236685.9749
363,29/12/2020,Carlos,Netflix,Puebla,Cinc,30.3205,680.6186,20636.6963
364,13/05/2020,David,Facebook,Michoacán,Hierro,20.864,3777.1603,78806.6725
365,28/06/2020,Javier,Spotify,Puebla,Aluminio,32.6098,2650.4634,86431.0814
366,03/09/2020,Felipe,Microsoft,Nuevo León,Níquel,77.1623,1803.2707,139144.5147
367,15/01/2020,Miguel,Amazon,Puebla,Oro,78.5142,2127.3846,167029.9
368,20/01/2020,Rodrigo,Samsung,Veracruz,Aluminio,45.1496,4926.8236,222444.1148
369,27/04/2020,David,Huawei,Nuevo León,Hierro,61.811,776.8441,48017.5107
370,29/11/2020,Miguel,Microsoft,Puebla,Aluminio,28.6293,1660.011,47524.9529
371,25/10/2020,Felipe,Amazon,Tamaulipas,Plata,22.0976,4679.4319,103404.2144
372,13/07/2020,Alejandro,Huawei,Michoacán,Aluminio,75.3472,3072.7273,231521.3984
373,20/10/2020,Rodrigo,Microsoft,Ciudad de México,Aluminio,23.1372,4326.1559,100095.1343
374,17/11/2020,David,Facebook,Guerrero,Oro,16.5161,2059.075,34007.8886
375,19/08/2020,Felipe,Spotify,Veracruz,Platino,15.651,1815.5603,28415.3343
376,04/11/2020,Carlos,Spotify,Michoacán,Titanio,52.9825,1102.7792,58427.999
377,23/03/2020,Felipe,Netflix,Michoacán,Cobre,52.1093,840.1396,43779.0865
378,25/06/2020,Sergio,Microsoft,Guerrero,Plata,42.3423,1370.8369,58044.3873
379,13/12/2020,David,Microsoft,Puebla,Platino,68.0993,690.2416,47004.9698
380,11/12/2020,Daniel,Google,Veracruz,Plata,81.2943,1868.2599,151878.8808
381,21/08/2020,Rodrigo,Google,Nuevo León,Aluminio,32.6886,2005.1853,65546.7002
382,04/11/2020,Rodrigo,Samsung,Michoacán,Zinc,33.074,1701.7424,56283.4281
383,30/09/2020,Carlos,Facebook,Puebla,Cinc,5.2462,4894.3409,25676.6912
384,03/12/2020,Alejandro,Spotify,Veracruz,Níquel,38.5033,2971.1757,114400.0693
385,18/02/2020,Javier,Amazon,Michoacán,Titanio,69.9124,750.3343,52457.6717
386,23/05/2020,Juan,Sony,Veracruz,Zinc,26.3567,4128.2802,108807.8427
387,22/07/2020,Juan,Microsoft,Veracruz,Cinc,7.3423,868.3365,6375.5871
388,05/02/2020,Carlos,Spotify,Jalisco,Titanio,20.1133,1472.7801,29622.468
389,14/04/2020,Rodrigo,Netflix,Michoacán,Níquel,99.3838,392.9125,39049.1373
390,02/01/2020,Juan,Amazon,Guerrero,Aluminio,88.1876,3681.8421,324692.8184
391,14/12/2020,Alejandro,Apple,Michoacán,Platino,1.4427,2300.263,3318.5894
392,23/06/2020,Rodrigo,Sony,Veracruz,Zinc,44.5506,4271.2726,190287.7571
393,05/12/2020,Sergio,Samsung,Jalisco,Cobre,77.3461,2525.155,195310.8911
394,30/07/2020,Daniel,Netflix,Tamaulipas,Níquel,5.1478,113.392,583.7193
395,14/10/2020,Rodrigo,Microsoft,Nuevo León,Cinc,19.4915,1541.8767,30053.4897
396,22/10/2020,Carlos,Netflix,Michoacán,Oro,98.2368,669.9465,65813.4003
397,27/07/2020,Juan,Facebook,Puebla,Titanio,19.4055,4337.7737,84176.6675
398,05/12/2020,Rodrigo,Amazon,Tamaulipas,Hierro,40.801,1313.104,53575.9563
399,29/05/2020,Miguel,Amazon,Ciudad de México,Níquel,28.3447,2100.3895,59534.9103
400,03/07/2020,Juan,Spotify,Tamaulipas,Cobre,77.3012,881.5956,68148.3978
401,24/11/2020,Felipe,Google,Ciudad de México,Plata,1.0564,1767.1978,1866.8678
402,06/11/2020,Daniel,Google,Ciudad de México,Aluminio,71.2415,4316.0358,307480.8644
403,10/04/2020,Carlos,Apple,Jalisco,Oro,42.036,2890.2182,121493.2123
404,23/11/2020,Juan,Microsoft,Veracruz,Níquel,60.8754,4966.3956,302331.3187
405,29/06/2020,Daniel,Samsung,Michoacán,Hierro,82.6168,400.6421,33099.7682
406,15/02/2020,Carlos,Facebook,Michoacán,Zinc,93.3376,4965.9624,463511.0121
407,08/03/2020,Felipe,Amazon,Nuevo León,Cobre,92.1141,1661.2902,153028.2516
408,11/08/2020,Javier,Microsoft,Nuevo León,Hierro,10.2007,394.5376,4024.5597
409,15/02/2020,Miguel,Amazon,Ciudad de México,Cobre,11.5251,167.8097,1934.0236
410,11/07/2020,Rodrigo,Google,Jalisco,Aluminio,63.8503,1249.1227,79756.8591
411,24/08/2020,Sergio,Microsoft,Puebla,Titanio,62.7342,117.621,7378.8593
412,08/03/2020,Javier,Samsung,Veracruz,Cinc,16.7305,2099.8552,35131.6274
413,03/01/2020,Javier,Samsung,Michoacán,Cobre,73.5015,1416.8283,104139.0053
414,28/02/2020,Javier,Netflix,Ciudad de México,Titanio,81.9849,1507.0187,123552.7774
415,28/02/2020,Felipe,Google,Veracruz,Platino,31.0103,4372.5658,135594.5772
416,07/06/2020,Javier,Netflix,Nuevo León,Titanio,44.2697,4766.5809,211015.1065
417,08/02/2020,Javier,Netflix,Guerrero,Cobre,97.5792,4789.3839,467344.2495
418,15/02/2020,Felipe,Facebook,Nuevo León,Plata,65.4182,4690.365,306835.2356
419,13/08/2020,Juan,Spotify,Ciudad de México,Hierro,50.5095,4969.1235,250987.9434
420,14/04/2020,Juan,Huawei,Veracruz,Platino,18.9866,2134.007,40517.5373
421,02/02/2020,Alejandro,Sony,Tamaulipas,Zinc,2.6071,4450.7214,11603.4758
422,01/07/2020,David,Huawei,Jalisco,Plata,83.7925,163.775,13723.1167
423,08/08/2020,Sergio,Facebook,Guerrero,Níquel,87.2167,3951.6009,344645.5902
424,27/02/2020,Sergio,Google,Michoacán,Oro,60.3382,3640.647,219670.0868
425,22/11/2020,Juan,Huawei,Nuevo León,Cinc,22.3127,875.2513,19529.2197
426,01/08/2020,Sergio,Microsoft,Veracruz,Platino,70.377,3441.7153,242217.5977
427,08/10/2020,Miguel,Sony,Jalisco,Zinc,35.3099,1098.156,38775.7785
428,13/10/2020,Alejandro,Google,Guerrero,Zinc,22.7939,437.8834,9981.0704
429,19/02/2020,David,Microsoft,Puebla,Oro,91.0783,3112.2294,283456.563
430,30/08/2020,Carlos,Microsoft,Tamaulipas,Hierro,89.7713,1255.5115,112708.8995
431,06/01/2020,Sergio,Spotify,Tamaulipas,Zinc,41.4773,1469.7669,60961.9626
432,01/04/2020,David,Facebook,Nuevo León,Cinc,18.8441,3055.4111,57576.4723
433,26/09/2020,Daniel,Apple,Veracruz,Níquel,23.7384,1221.6397,28999.7719
434,08/12/2020,Carlos,Amazon,Veracruz,Oro,12.5279,3096.9074,38797.7462
435,14/10/2020,Felipe,Samsung,Puebla,Cinc,90.1085,214.7557,19351.314
436,01/09/2020,Sergio,Spotify,Puebla,Plata,77.9904,4354.159,339582.6021
437,23/11/2020,Sergio,Sony,Nuevo León,Platino,9.453,2661.4793,25158.9638
438,13/05/2020,Daniel,Microsoft,Ciudad de México,Zinc,12.1938,4296.8654,52395.1173
439,12/10/2020,Alejandro,Amazon,Ciudad de México,Hierro,66.2995,1461.2923,96882.9488
440,12/07/2020,Carlos,Google,Ciudad de México,Aluminio,81.2145,2081.3733,169037.6919
441,21/11/2020,Carlos,Apple,Jalisco,Plata,79.5899,3190.643,253942.9573
442,14/11/2020,Alejandro,Google,Guerrero,Hierro,40.1877,955.579,38402.5222
443,15/03/2020,Felipe,Apple,Tamaulipas,Níquel,30.6277,4486.6127,137414.6278
444,03/02/2020,Felipe,Google,Michoacán,Platino,83.3072,3541.4826,295030.9993
445,15/03/2020,David,Spotify,Ciudad de México,Hierro,52.5905,4749.0635,249755.624
446,07/10/2020,Felipe,Microsoft,Tamaulipas,Zinc,28.2778,625.1127,17676.8119
447,26/01/2020,Rodrigo,Apple,Jalisco,Níquel,7.5215,1131.0686,8507.3325
448,22/03/2020,Felipe,Huawei,Puebla,Zinc,93.3389,4004.011,373729.9823
449,13/03/2020,Javier,Facebook,Jalisco,Platino,14.3777,563.807,8106.2479
450,19/09/2020,Sergio,Microsoft,Puebla,Aluminio,1.1272,2222.1093,2504.7616
451,13/06/2020,Javier,Netflix,Ciudad de México,Plata,32.4337,4094.5905,132802.7199
452,07/10/2020,Alejandro,Huawei,Ciudad de México,Titanio,82.5568,3932.9548,324692.1628
453,21/02/2020,Sergio,Sony,Jalisco,Plata,42.3687,4935.2491,209100.0885
454,23/01/2020,David,Huawei,Michoacán,Hierro,14.4058,987.9166,14231.729
455,22/09/2020,Carlos,Spotify,Veracruz,Zinc,86.6503,2712.0176,234997.1386
456,19/02/2020,Rodrigo,Google,Tamaulipas,Oro,39.2969,2306.9858,90657.3903
457,03/05/2020,Carlos,Facebook,Puebla,Hierro,62.2419,3259.1003,202852.595
458,05/03/2020,David,Google,Jalisco,Zinc,2.9324,3086.9135,9052.0651
459,29/07/2020,Javier,Google,Ciudad de México,Platino,55.2806,3280.3255,181338.3618
460,19/10/2020,Carlos,Google,Jalisco,Cinc,68.456,3507.6251,240117.9838
461,14/05/2020,Miguel,Apple,Jalisco,Cobre,64.6547,2623.7332,169636.6829
462,10/03/2020,Javier,Spotify,Jalisco,Cinc,75.6617,561.4005,42476.5162
463,29/10/2020,Javier,Apple,Michoacán,Níquel,70.0516,1767.6329,123825.5129
464,03/03/2020,Rodrigo,Microsoft,Jalisco,Titanio,64.1408,2191.4311,140560.1439
465,27/07/2020,Miguel,Netflix,Veracruz,Platino,26.323,724.7966,19078.8209
466,31/03/2020,Miguel,Facebook,Jalisco,Cobre,80.4062,3504.5004,281783.5601
467,31/03/2020,Daniel,Sony,Guerrero,Hierro,9.4949,1053.969,10007.3303
468,13/05/2020,Rodrigo,Huawei,Puebla,Zinc,8.988,893.312,8029.0883
469,17/06/2020,David,Sony,Nuevo León,Titanio,10.193,4449.003,45348.6876
470,17/04/2020,Daniel,Facebook,Ciudad de México,Oro,68.5022,4595.6142,314809.6831
471,12/09/2020,Alejandro,Spotify,Ciudad de México,Zinc,65.2443,2987.4553,194914.4298
472,15/09/2020,David,Amazon,Michoacán,Platino,78.0134,651.5826,50832.174
473,22/03/2020,David,Google,Michoacán,Cobre,68.8412,4375.1235,301188.7519
474,01/05/2020,Sergio,Apple,Guerrero,Oro,39.4721,4557.3962,179889.9985
475,05/02/2020,Daniel,Facebook,Puebla,Titanio,50.935,3359.3654,171109.2766
476,14/12/2020,Daniel,Apple,Puebla,Hierro,92.8152,1805.9001,167614.979
477,15/06/2020,Carlos,Spotify,Tamaulipas,Oro,3.3876,2903.0715,9834.445
478,26/01/2020,Felipe,Spotify,Puebla,Cinc,31.6774,1849.1736,58577.0118
479,19/12/2020,Juan,Google,Jalisco,Platino,65.6927,545.31,35822.8862
480,10/07/2020,Javier,Huawei,Guerrero,Oro,94.5583,3576.2892,338167.8271
481,05/03/2020,Carlos,Apple,Guerrero,Cobre,29.4288,2215.1566,65189.4006
482,15/02/2020,Daniel,Spotify,Veracruz,Platino,78.9768,2401.8451,189690.0401
483,14/04/2020,Rodrigo,Apple,Nuevo León,Cobre,18.7787,137.5295,2582.6252
484,01/09/2020,Sergio,Samsung,Nuevo León,Titanio,4.7441,771.4672,3659.9175
485,01/02/2020,Miguel,Netflix,Nuevo León,Oro,5.5698,742.5312,4135.7503
486,10/08/2020,Sergio,Netflix,Guerrero,Zinc,46.0529,3627.456,167054.8684
487,20/03/2020,Rodrigo,Microsoft,Tamaulipas,Platino,71.1212,1421.72,101114.4325
488,19/02/2020,Sergio,Samsung,Tamaulipas,Zinc,36.3879,1573.3864,57252.227
489,02/03/2020,Sergio,Samsung,Jalisco,Titanio,71.4791,1099.9233,78621.5276
490,02/09/2020,Carlos,Apple,Puebla,Aluminio,22.4866,3772.7945,84837.3208
491,16/04/2020,David,Netflix,Guerrero,Cinc,19.8691,3588.6571,71303.3868
492,24/10/2020,Felipe,Samsung,Jalisco,Cobre,25.4552,2322.9232,59130.4746
493,01/03/2020,Daniel,Spotify,Tamaulipas,Hierro,72.0177,3836.1492,276270.6422
494,23/06/2020,Sergio,Sony,Nuevo León,Oro,34.7463,1431.2563,49730.8608
495,03/07/2020,David,Google,Ciudad de México,Hierro,26.5486,3256.4174,86453.323
496,02/06/2020,Sergio,Netflix,Nuevo León,Hierro,15.7807,3455.0133,54522.5284
497,15/03/2020,Alejandro,Spotify,Guerrero,Hierro,6.4918,224.6508,1458.3881
498,11/01/2020,Rodrigo,Google,Michoacán,Platino,95.5067,1540.8266,147159.2638
499,09/11/2020,Felipe,Huawei,Puebla,Oro,3.9143,1403.5115,5493.7651
500,25/05/2020,Daniel,Sony,Tamaulipas,Cobre,16.6618,3913.614,65207.8537
501,03/09/2020,Javier,Sony,Tamaulipas,Cobre,43.443,4954.0004,215216.6394
502,09/05/2020,Felipe,Facebook,Jalisco,Titanio,23.6181,2458.1022,58055.7036
503,22/03/2020,Rodrigo,Microsoft,Veracruz,Níquel,65.5972,988.3473,64832.8155
504,28/05/2020,Carlos,Huawei,Tamaulipas,Cobre,19.302,1549.4281,29907.0612
505,03/07/2020,Carlos,Netflix,Ciudad de México,Titanio,49.7719,487.1995,24248.8448
506,23/03/2020,David,Spotify,Michoacán,Cinc,51.6675,2991.1184,154543.6099
507,12/01/2020,Rodrigo,Amazon,Guerrero,Zinc,81.5802,3194.4453,260603.4865
508,29/01/2020,Daniel,Netflix,Guerrero,Oro,41.996,1732.3314,72750.9895
509,12/04/2020,Sergio,Amazon,Puebla,Níquel,80.2529,2385.8863,191474.2946
510,05/04/2020,Daniel,Samsung,Guerrero,Titanio,35.3093,157.6735,5567.3409
511,24/12/2020,Sergio,Samsung,Veracruz,Níquel,64.0008,1963.2104,125647.0362
512,11/01/2020,Daniel,Facebook,Guerrero,Aluminio,30.5663,1991.5991,60875.8156
513,31/01/2020,Daniel,Amazon,Tamaulipas,Hierro,74.3416,2298.8523,170900.3581
514,17/12/2020,Rodrigo,Sony,Tamaulipas,Cobre,84.3958,974.5861,82250.9736
515,20/07/2020,Javier,Facebook,Tamaulipas,Cinc,28.0579,4398.8981,123423.843
516,24/02/2020,Carlos,Samsung,Tamaulipas,Hierro,5.3122,783.921,4164.3451
517,12/08/2020,Miguel,Google,Michoacán,Zinc,50.4236,799.914,40334.5436
518,09/10/2020,Javier,Netflix,Guerrero,Titanio,63.5655,1289.4414,81963.9873
519,04/08/2020,Daniel,Spotify,Nuevo León,Plata,56.624,3111.9958,176213.6502
520,01/03/2020,Juan,Huawei,Ciudad de México,Plata,2.201,1202.1455,2645.9222
521,28/03/2020,Rodrigo,Facebook,Jalisco,Hierro,68.27,4321.0428,294997.592
522,25/01/2020,Javier,Facebook,Veracruz,Cobre,4.3463,1950.3384,8476.7558
523,01/02/2020,Daniel,Google,Veracruz,Cobre,79.2009,239.603,18976.7732
524,27/09/2020,Juan,Facebook,Puebla,Titanio,23.0108,1121.7824,25813.1104
525,13/04/2020,Juan,Facebook,Nuevo León,Titanio,58.8262,1614.577,94979.4295
526,14/11/2020,Daniel,Sony,Tamaulipas,Cinc,55.5085,2415.9652,134106.6043
527,30/12/2020,Felipe,Apple,Jalisco,Platino,12.4882,4853.3189,60609.2171
528,11/05/2020,Juan,Amazon,Nuevo León,Zinc,76.9605,4063.0124,312691.4658
529,07/10/2020,Felipe,Sony,Puebla,Plata,33.1224,2493.1374,82578.6942
530,29/06/2020,Miguel,Facebook,Guerrero,Zinc,16.6409,3862.9024,64282.1725
531,12/08/2020,Juan,Apple,Michoacán,Cobre,77.898,3625.7502,282438.6891
532,25/07/2020,Carlos,Netflix,Nuevo León,Cinc,65.7289,4127.0973,271269.5657
533,06/04/2020,Carlos,Apple,Michoacán,Zinc,10.1301,2660.4567,26950.6924
534,21/08/2020,David,Sony,Veracruz,Titanio,93.3694,2431.7023,227046.5847
535,16/10/2020,Sergio,Huawei,Michoacán,Aluminio,92.7521,3493.3219,324012.9422
536,21/08/2020,Felipe,Facebook,Michoacán,Plata,82.7347,4813.8963,398276.2662
537,19/07/2020,David,Facebook,Veracruz,Zinc,26.0295,3828.1287,99644.276
538,28/09/2020,Felipe,Samsung,Michoacán,Titanio,52.3149,1146.1504,59960.7436
539,11/03/2020,David,Microsoft,Veracruz,Aluminio,38.8254,2694.7524,104624.8398
540,22/07/2020,Sergio,Apple,Puebla,Plata,65.4217,438.9695,28718.1309
541,31/08/2020,Felipe,Amazon,Michoacán,Oro,18.3141,4228.1953,77435.5915
542,02/10/2020,Miguel,Amazon,Puebla,Cinc,10.7758,4874.0686,52521.9884
543,14/02/2020,Daniel,Samsung,Puebla,Cobre,7.971,2077.2043,16557.3955
544,22/03/2020,Miguel,Netflix,Puebla,Cobre,85.6889,2288.8468,196128.7646
545,16/09/2020,Alejandro,Apple,Nuevo León,Plata,90.3414,3172.7475,286630.451
546,30/11/2020,Rodrigo,Samsung,Guerrero,Níquel,96.1702,2128.6211,204709.9169
547,31/03/2020,Sergio,Facebook,Jalisco,Hierro,98.1819,1846.3563,181278.7696
548,25/05/2020,Miguel,Sony,Guerrero,Hierro,38.9791,112.4676,4383.8858
549,30/03/2020,Javier,Samsung,Jalisco,Oro,90.4593,3105.4181,280913.9475
550,23/01/2020,Juan,Amazon,Nuevo León,Cobre,78.7769,3513.0814,276749.6621
551,29/11/2020,Miguel,Samsung,Guerrero,Níquel,87.1599,3616.961,315253.9591
552,29/01/2020,Javier,Apple,Puebla,Cinc,81.1223,819.5117,66480.674
553,16/03/2020,David,Facebook,Veracruz,Cobre,22.6904,1565.477,35521.2993
554,28/05/2020,Felipe,Apple,Veracruz,Cinc,15.3047,4213.2817,64483.0124
555,16/07/2020,Sergio,Apple,Guerrero,Titanio,40.1869,4317.1304,173492.0877
556,25/04/2020,Alejandro,Amazon,Tamaulipas,Oro,69.0868,2793.207,192973.7334
557,16/03/2020,Felipe,Amazon,Ciudad de México,Cobre,34.5638,1254.052,43344.8025
558,09/08/2020,Daniel,Amazon,Michoacán,Platino,19.0819,3263.7462,62278.4786
559,12/03/2020,Felipe,Spotify,Jalisco,Hierro,62.6878,3388.7152,212431.1007
560,04/07/2020,Miguel,Netflix,Guerrero,Oro,66.1275,3978.1872,263067.5741
561,04/05/2020,David,Spotify,Veracruz,Cobre,13.6117,4148.2755,56465.0816
562,04/10/2020,Daniel,Amazon,Tamaulipas,Aluminio,92.9439,1607.1738,149377.0009
563,27/03/2020,Carlos,Sony,Jalisco,Hierro,61.7134,4401.2655,271617.0583
564,09/03/2020,Carlos,Apple,Michoacán,Zinc,88.1927,3474.7537,306447.9106
565,28/08/2020,Carlos,Google,Ciudad de México,Aluminio,80.896,1200.9555,97152.4961
566,11/05/2020,David,Huawei,Puebla,Oro,53.698,3902.9105,209578.488
567,14/06/2020,Miguel,Amazon,Puebla,Cobre,53.6146,2785.5812,149347.8218
568,19/09/2020,Felipe,Sony,Nuevo León,Cinc,31.5592,2555.3991,80646.3513
569,19/05/2020,Javier,Facebook,Ciudad de México,Zinc,35.9682,211.1793,7595.7393
570,30/07/2020,Felipe,Amazon,Guerrero,Platino,15.0748,1225.082,18467.8661
571,21/11/2020,Felipe,Spotify,Veracruz,Plata,4.8012,280.709,1347.7401
572,02/12/2020,Juan,Google,Michoacán,Oro,4.5867,287.8481,1320.2729
573,20/02/2020,Daniel,Netflix,Guerrero,Oro,94.9957,1489.4519,141491.5259
574,10/12/2020,Rodrigo,Netflix,Guerrero,Oro,44.3713,4373.685,194066.0892
575,04/02/2020,David,Netflix,Ciudad de México,Plata,28.5891,1656.7814,47365.8891
576,13/03/2020,Sergio,Spotify,Ciudad de México,Platino,32.472,4000.9395,129918.5074
577,02/12/2020,Sergio,Facebook,Jalisco,Plata,62.6995,4664.6369,292470.4013
578,09/06/2020,David,Netflix,Nuevo León,Titanio,28.1648,272.9631,7687.9511
579,16/01/2020,Alejandro,Huawei,Nuevo León,Oro,77.0901,2302.4224,177493.9731
580,10/07/2020,Sergio,Netflix,Jalisco,Cobre,76.1812,2847.4838,216924.7329
581,03/03/2020,Miguel,Netflix,Jalisco,Titanio,63.2404,4450.8163,281471.4031
582,02/07/2020,Sergio,Facebook,Michoacán,Titanio,99.695,1324.8275,132078.6776
583,10/12/2020,Javier,Google,Nuevo León,Oro,70.1193,1069.9528,75024.3414
584,22/10/2020,David,Samsung,Jalisco,Titanio,64.15,2719.4606,174453.3975
585,16/08/2020,Carlos,Huawei,Guerrero,Níquel,93.5087,1171.9589,109588.3532
586,22/01/2020,Javier,Spotify,Ciudad de México,Titanio,32.8645,3685.3053,121115.716
587,16/08/2020,Rodrigo,Netflix,Jalisco,Plata,55.8319,1647.5416,91985.3779
588,18/07/2020,Felipe,Apple,Tamaulipas,Cobre,7.0015,4525.7039,31686.7159
589,25/11/2020,Rodrigo,Apple,Veracruz,Plata,28.4315,3261.0661,92717.0008
590,02/05/2020,Felipe,Sony,Michoacán,Oro,28.7517,4944.5174,142163.2809
591,25/04/2020,Javier,Spotify,Guerrero,Aluminio,68.6865,358.3302,24612.4473
592,10/06/2020,Carlos,Facebook,Tamaulipas,Aluminio,2.9677,3572.0903,10600.8924
593,05/11/2020,Sergio,Amazon,Nuevo León,Aluminio,99.825,3719.4275,371291.8502
594,24/11/2020,David,Spotify,Nuevo León,Cinc,22.7394,4659.8417,105962.0044
595,08/10/2020,Daniel,Spotify,Tamaulipas,Aluminio,58.934,1684.3003,99262.5539
596,17/01/2020,David,Sony,Puebla,Zinc,21.5429,1224.6611,26382.7516
597,24/09/2020,Rodrigo,Amazon,Nuevo León,Titanio,7.4638,342.9775,2559.9155
598,30/08/2020,Sergio,Netflix,Tamaulipas,Aluminio,5.4813,4482.3678,24569.2026
599,08/05/2020,David,Samsung,Puebla,Cobre,55.2697,3735.9022,206482.1938
600,11/05/2020,Carlos,Facebook,Veracruz,Cinc,93.0583,1227.3174,114212.0708
601,26/09/2020,Rodrigo,Apple,Veracruz,Titanio,60.3001,2699.0094,162750.5367
602,04/05/2020,Carlos,Netflix,Puebla,Oro,75.3681,2285.772,172274.2927
603,22/07/2020,Alejandro,Spotify,Jalisco,Cinc,20.1832,771.8029,15577.4523
604,21/07/2020,David,Sony,Nuevo León,Platino,83.755,438.1937,36700.9133
605,12/11/2020,Sergio,Facebook,Ciudad de México,Cinc,27.7096,4338.0885,120206.6971
606,13/06/2020,Felipe,Netflix,Guerrero,Platino,20.0278,2944.4298,58970.4511
607,19/04/2020,Felipe,Amazon,Ciudad de México,Plata,29.1764,3285.5834,95861.4955
608,15/01/2020,Javier,Apple,Nuevo León,Plata,17.2691,4958.8435,85634.7643
609,07/07/2020,Sergio,Microsoft,Nuevo León,Titanio,20.286,4867.6123,98744.3831
610,02/01/2020,Carlos,Google,Jalisco,Titanio,95.7937,4275.2862,409545.4837
611,25/11/2020,Rodrigo,Huawei,Ciudad de México,Aluminio,51.6786,2199.8132,113683.2664
612,25/03/2020,Felipe,Google,Tamaulipas,Hierro,23.2759,4625.4977,107662.6219
613,12/12/2020,Javier,Spotify,Jalisco,Cinc,45.7481,2772.2339,126824.4337
614,12/10/2020,David,Apple,Tamaulipas,Níquel,21.0059,2870.1113,60289.271
615,11/03/2020,Rodrigo,Microsoft,Jalisco,Platino,45.8659,3891.1564,178471.3903
616,11/02/2020,Javier,Huawei,Jalisco,Platino,20.1704,1236.5779,24942.2709
617,11/01/2020,Alejandro,Amazon,Ciudad de México,Cinc,5.1561,3712.6314,19142.6988
618,27/06/2020,Alejandro,Apple,Jalisco,Hierro,72.9836,1597.8021,116613.3493
619,23/02/2020,Sergio,Sony,Ciudad de México,Níquel,97.1104,834.2535,81014.6911
620,23/08/2020,Javier,Sony,Ciudad de México,Zinc,50.9126,3559.5986,181228.4197
621,27/01/2020,Carlos,Microsoft,Veracruz,Oro,53.6932,1766.8353,94867.0411
622,29/02/2020,Carlos,Sony,Nuevo León,Titanio,28.5507,320.2463,9143.256
623,11/01/2020,Sergio,Amazon,Nuevo León,Titanio,97.4187,286.3024,27891.2076
624,17/07/2020,David,Amazon,Jalisco,Platino,41.1352,2498.856,102790.9413
625,30/08/2020,David,Huawei,Guerrero,Aluminio,52.2097,3761.5666,196390.2637
626,28/04/2020,Daniel,Facebook,Guerrero,Níquel,99.1154,2709.543,268557.4383
627,16/11/2020,David,Facebook,Tamaulipas,Aluminio,74.6628,496.1366,37042.9477
628,03/11/2020,Rodrigo,Netflix,Ciudad de México,Titanio,31.4653,3384.3213,106488.685
629,05/06/2020,David,Microsoft,Jalisco,Oro,75.4144,573.9355,43283.0014
630,20/02/2020,Carlos,Netflix,Puebla,Zinc,70.2519,2024.8852,142252.0326
631,19/10/2020,Miguel,Amazon,Veracruz,Níquel,31.4149,3500.8124,109977.6715
632,15/10/2020,Miguel,Spotify,Guerrero,Zinc,66.1962,891.3907,59006.6771
633,12/04/2020,Daniel,Huawei,Puebla,Zinc,77.4939,401.9861,31151.4706
634,11/02/2020,Javier,Huawei,Nuevo León,Zinc,44.2888,1500.5175,66456.1195
635,15/12/2020,Miguel,Apple,Puebla,Oro,34.4702,4406.3896,151889.1308
636,19/03/2020,Daniel,Facebook,Veracruz,Zinc,53.8901,1288.4984,69437.3076
637,11/06/2020,David,Netflix,Veracruz,Zinc,6.2042,1589.5156,9861.6727
638,24/09/2020,Juan,Spotify,Ciudad de México,Hierro,99.0624,1421.1175,140779.3102
639,19/04/2020,Sergio,Facebook,Ciudad de México,Aluminio,52.819,502.386,26535.5261
640,01/02/2020,Sergio,Spotify,Michoacán,Platino,77.2061,1665.7339,128604.8181
641,04/05/2020,Miguel,Huawei,Guerrero,Plata,78.8883,3771.9099,297559.5598
642,14/02/2020,Sergio,Google,Nuevo León,Zinc,19.9434,4762.4156,94978.7593
643,02/03/2020,Daniel,Apple,Michoacán,Oro,39.3688,3251.3288,128000.9133
644,18/11/2020,Alejandro,Microsoft,Veracruz,Cinc,60.4442,2419.9693,146273.1084
645,12/09/2020,Alejandro,Samsung,Jalisco,Platino,2.3335,4227.5575,9865.0054
646,20/07/2020,Rodrigo,Netflix,Ciudad de México,Hierro,57.6398,2730.1917,157367.7035
647,12/06/2020,David,Spotify,Ciudad de México,Plata,70.9027,3064.8912,217309.0613
648,06/07/2020,Sergio,Apple,Michoacán,Cinc,86.5493,1745.7816,151096.1754
649,21/06/2020,Sergio,Microsoft,Jalisco,Cobre,96.1699,3064.3049,294693.8958
650,13/04/2020,Daniel,Samsung,Puebla,Platino,20.5416,4194.5691,86163.1606
651,25/01/2020,Daniel,Google,Ciudad de México,Platino,79.234,434.976,34464.8884
652,31/08/2020,Miguel,Facebook,Tamaulipas,Titanio,8.9338,860.8668,7690.8118
653,20/04/2020,Carlos,Amazon,Jalisco,Cinc,31.4744,244.8528,7706.595
654,11/09/2020,David,Netflix,Nuevo León,Cinc,65.1455,2752.5041,179313.2558
655,17/07/2020,Carlos,Huawei,Jalisco,Platino,30.3786,1890.1119,57418.9534
656,20/04/2020,Felipe,Microsoft,Nuevo León,Plata,93.212,1713.2378,159694.3218
657,01/09/2020,Alejandro,Facebook,Ciudad de México,Oro,88.5812,4419.6,391493.4715
658,28/09/2020,Alejandro,Microsoft,Puebla,Cobre,21.7078,4431.4946,96197.9985
659,01/10/2020,Rodrigo,Sony,Michoacán,Níquel,94.4003,4999.5707,471960.974
660,26/04/2020,Sergio,Sony,Tamaulipas,Titanio,48.8197,4635.2382,226290.9384
661,26/03/2020,Felipe,Sony,Veracruz,Oro,75.293,1305.9197,98326.612
662,31/05/2020,Felipe,Amazon,Nuevo León,Aluminio,10.6139,2899.0521,30770.2491
663,18/11/2020,Miguel,Microsoft,Ciudad de México,Zinc,60.2124,4859.6712,292612.4662
664,08/01/2020,Sergio,Netflix,Michoacán,Cobre,31.9153,2615.8576,83485.8801
665,02/03/2020,Juan,Microsoft,Veracruz,Aluminio,52.9352,360.4649,19081.2816
666,21/02/2020,Javier,Netflix,Puebla,Níquel,86.2219,4037.5382,348124.2149
667,07/05/2020,Juan,Facebook,Puebla,Cinc,54.4095,731.055,39776.337
668,16/11/2020,David,Google,Guerrero,Platino,6.3185,2097.9282,13255.7593
669,25/02/2020,Carlos,Google,Puebla,Zinc,50.7634,2459.1892,124836.805
670,17/08/2020,David,Sony,Jalisco,Cobre,56.8557,2891.3605,164390.3252
671,18/06/2020,Alejandro,Spotify,Tamaulipas,Hierro,26.5675,1926.4668,51181.4067
672,16/08/2020,Carlos,Google,Jalisco,Cinc,5.0885,1568.5142,7981.3845
673,11/08/2020,Javier,Amazon,Jalisco,Aluminio,46.6182,264.2091,12316.9527
674,15/11/2020,Sergio,Apple,Ciudad de México,Titanio,96.096,4953.398,476001.7342
675,17/06/2020,Javier,Google,Guerrero,Plata,50.7284,766.8344,38900.2822
676,24/10/2020,Juan,Facebook,Veracruz,Cinc,11.3038,1885.7489,21316.1284
677,08/02/2020,Sergio,Samsung,Tamaulipas,Titanio,67.5788,3551.3086,239993.1736
678,10/06/2020,Daniel,Amazon,Guerrero,Níquel,39.7755,3430.001,136430.0048
679,26/06/2020,Miguel,Google,Guerrero,Hierro,74.5467,2137.9728,159378.8169
680,21/07/2020,Miguel,Netflix,Veracruz,Níquel,39.6985,2253.6681,89467.2431
681,04/06/2020,Alejandro,Google,Jalisco,Titanio,92.5062,3663.2735,338875.511
682,04/12/2020,David,Samsung,Ciudad de México,Zinc,56.3388,4208.0432,237076.1042
683,24/10/2020,Javier,Microsoft,Michoacán,Platino,60.1854,176.8629,10644.5644
684,21/04/2020,David,Facebook,Ciudad de México,Hierro,80.9175,2110.5999,170784.4674
685,07/04/2020,Javier,Spotify,Nuevo León,Aluminio,38.5584,134.8512,5199.6465
686,30/09/2020,Alejandro,Amazon,Veracruz,Zinc,35.4733,3767.5486,133647.3818
687,15/04/2020,David,Huawei,Nuevo León,Zinc,8.3526,1046.2703,8739.0773
688,19/12/2020,Alejandro,Amazon,Tamaulipas,Titanio,57.2701,3676.9404,210578.7444
689,22/04/2020,Felipe,Sony,Ciudad de México,Platino,52.5638,4912.742,258232.3879
690,21/09/2020,Sergio,Sony,Ciudad de México,Plata,81.8004,3854.8546,315328.6482
691,11/06/2020,Sergio,Amazon,Ciudad de México,Plata,49.3015,2359.7011,116336.8038
692,23/03/2020,Rodrigo,Apple,Jalisco,Oro,45.6385,4369.5599,199420.1595
693,10/02/2020,Javier,Microsoft,Veracruz,Zinc,89.3879,906.9617,81071.4017
694,23/03/2020,Daniel,Facebook,Michoacán,Titanio,99.9478,162.127,16204.237
695,19/01/2020,Miguel,Google,Ciudad de México,Cobre,66.861,1482.2643,99105.6734
696,08/12/2020,Javier,Spotify,Ciudad de México,Plata,50.7505,3565.9908,180975.8161
697,11/10/2020,Juan,Google,Ciudad de México,Níquel,45.5608,3626.3173,165217.9172
698,23/03/2020,Miguel,Netflix,Puebla,Cobre,8.9221,3152.6679,28128.4183
699,24/04/2020,Daniel,Spotify,Guerrero,Platino,72.4208,783.7846,56762.3078
700,14/11/2020,Javier,Amazon,Jalisco,Zinc,95.0451,4245.0191,403468.2649
701,18/03/2020,Daniel,Samsung,Ciudad de México,Hierro,73.1847,3603.3808,263712.3428
702,10/06/2020,Daniel,Huawei,Puebla,Cobre,57.5252,3215.1755,184953.6137
703,25/01/2020,Felipe,Spotify,Veracruz,Hierro,78.1825,2344.0544,183264.0331
704,09/11/2020,Miguel,Apple,Ciudad de México,Platino,97.2785,121.8008,11848.5991
705,15/03/2020,Alejandro,Facebook,Nuevo León,Zinc,89.0094,1381.7759,122991.0438
706,22/01/2020,David,Microsoft,Tamaulipas,Hierro,43.9046,1348.5616,59208.0576
707,06/02/2020,Carlos,Amazon,Ciudad de México,Aluminio,19.877,1595.6168,31716.0751
708,19/07/2020,Juan,Apple,Tamaulipas,Hierro,71.7859,659.3462,47331.7604
709,19/08/2020,Carlos,Apple,Tamaulipas,Plata,75.9699,2459.0219,186811.6478
710,21/01/2020,Javier,Amazon,Tamaulipas,Cobre,45.6688,3914.9406,178790.6393
711,15/03/2020,Rodrigo,Sony,Michoacán,Titanio,86.4915,3612.0647,312412.894
712,04/04/2020,Alejandro,Spotify,Jalisco,Cobre,34.7267,1634.7759,56770.3722
713,06/01/2020,Daniel,Amazon,Tamaulipas,Zinc,32.388,322.2579,10437.2889
714,27/12/2020,Daniel,Microsoft,Nuevo León,Aluminio,2.0143,3132.3323,6309.457
715,26/11/2020,Alejandro,Spotify,Nuevo León,Zinc,63.1213,4016.1,253501.4529
716,02/04/2020,David,Huawei,Puebla,Titanio,82.97,3071.0854,254807.9556
717,13/01/2020,Carlos,Sony,Veracruz,Zinc,60.8961,3243.3111,197504.9971
718,23/04/2020,Sergio,Google,Michoacán,Plata,74.2165,2736.9152,203124.2669
719,01/08/2020,Javier,Google,Veracruz,Cinc,48.7531,896.4623,43705.3162
720,01/07/2020,Daniel,Facebook,Puebla,Hierro,5.4124,3417.1788,18495.1385
721,24/03/2020,Javier,Apple,Guerrero,Oro,33.8305,901.2168,30488.615
722,25/09/2020,Javier,Facebook,Veracruz,Titanio,13.5099,1190.966,16089.8316
723,10/08/2020,Juan,Facebook,Guerrero,Oro,20.1737,4858.4574,98013.0621
724,25/03/2020,Rodrigo,Google,Jalisco,Cobre,30.4358,2922.2376,88940.6391
725,27/05/2020,David,Google,Michoacán,Titanio,3.7451,2039.0699,7636.5207
726,19/01/2020,Felipe,Facebook,Jalisco,Cobre,28.9479,2222.6343,64340.5955
727,28/08/2020,Alejandro,Google,Ciudad de México,Plata,9.8096,481.9004,4727.2502
728,01/05/2020,Sergio,Netflix,Nuevo León,Cobre,53.7222,3091.4283,166078.3294
729,24/01/2020,Rodrigo,Apple,Jalisco,Oro,83.5849,1037.2336,86697.0667
730,24/10/2020,Juan,Netflix,Tamaulipas,Platino,60.7079,2415.2643,146625.6236
731,21/11/2020,Juan,Huawei,Guerrero,Aluminio,73.5996,2450.7545,180374.5509
732,03/07/2020,Carlos,Huawei,Michoacán,Cobre,30.2887,2874.5922,87067.6608
733,20/09/2020,Carlos,Huawei,Veracruz,Plata,22.2258,4420.8466,98256.8524
734,09/07/2020,Rodrigo,Netflix,Michoacán,Hierro,7.155,2312.4,16545.222
735,10/10/2020,Alejandro,Sony,Ciudad de México,Plata,92.2331,1152.8678,106332.5711
736,04/02/2020,Rodrigo,Sony,Jalisco,Titanio,12.8934,2379.9469,30685.6074
737,27/06/2020,Javier,Netflix,Tamaulipas,Zinc,83.9859,4958.4841,416442.7498
738,09/10/2020,Carlos,Samsung,Nuevo León,Cinc,69.7736,1009.2802,70421.113
739,18/10/2020,David,Netflix,Michoacán,Cinc,51.5909,2059.9404,106274.1792
740,20/01/2020,Javier,Facebook,Nuevo León,Níquel,42.466,2212.0946,93938.8093
741,19/01/2020,Carlos,Apple,Jalisco,Cobre,87.2527,4648.2013,405568.1136
742,14/02/2020,Alejandro,Microsoft,Guerrero,Aluminio,88.7972,4494.4257,399092.4178
743,06/06/2020,Alejandro,Sony,Nuevo León,Zinc,1.8717,4684.4187,8767.8265
744,21/08/2020,Sergio,Netflix,Ciudad de México,Cinc,74.9548,3146.6077,235853.3508
745,04/02/2020,Javier,Apple,Veracruz,Cobre,80.2799,4756.3616,381840.2336
746,05/01/2020,Sergio,Apple,Nuevo León,Zinc,12.5364,2597.3872,32561.8849
747,16/07/2020,Miguel,Google,Puebla,Plata,67.4864,1104.0452,74508.036
748,28/09/2020,Carlos,Microsoft,Ciudad de México,Cinc,84.7972,3934.7604,333656.6646
749,31/05/2020,Miguel,Microsoft,Nuevo León,Titanio,67.6379,4588.5567,310360.3392
750,28/09/2020,Miguel,Samsung,Jalisco,Cobre,61.6248,3996.6415,246292.2331
751,15/03/2020,Javier,Microsoft,Jalisco,Hierro,86.7196,4333.0346,375759.0273
752,15/09/2020,David,Spotify,Nuevo León,Plata,51.6859,2340.497,120970.6939
753,23/10/2020,Juan,Sony,Ciudad de México,Plata,75.2375,110.1516,8287.531
754,18/11/2020,David,Samsung,Ciudad de México,Titanio,26.5848,1484.4668,39464.253
755,20/08/2020,Javier,Amazon,Ciudad de México,Zinc,93.0841,931.2752,86686.9138
756,09/08/2020,Sergio,Spotify,Jalisco,Níquel,67.7793,4332.8547,293677.8586
757,05/03/2020,Carlos,Spotify,Tamaulipas,Cobre,77.6858,4815.8536,374123.4396
758,07/07/2020,Juan,Facebook,Jalisco,Zinc,40.5211,1951.2296,79065.9697
759,02/02/2020,Felipe,Google,Ciudad de México,Aluminio,56.651,885.2321,50149.2837
760,23/02/2020,Sergio,Google,Guerrero,Zinc,7.2889,1678.6647,12235.6191
761,24/07/2020,Javier,Sony,Puebla,Níquel,31.5095,671.6789,21164.2663
762,04/07/2020,David,Google,Michoacán,Platino,21.7145,4980.1582,108141.6452
763,05/10/2020,Alejandro,Netflix,Nuevo León,Níquel,67.3294,4977.0118,335099.2183
764,12/10/2020,Juan,Samsung,Michoacán,Plata,19.3732,1170.2932,22672.3242
765,22/03/2020,Felipe,Sony,Tamaulipas,Titanio,26.2974,1607.4263,42271.1324
766,30/12/2020,David,Microsoft,Guerrero,Aluminio,27.5821,1877.5506,51786.7884
767,02/09/2020,Sergio,Netflix,Nuevo León,Titanio,44.6216,4366.6618,194847.4362
768,17/11/2020,Daniel,Google,Jalisco,Zinc,70.1701,750.6574,52673.7048
769,24/02/2020,Juan,Apple,Veracruz,Oro,63.6705,950.3298,60507.9735
770,28/10/2020,Miguel,Google,Jalisco,Platino,88.5444,4551.2042,402983.6452
771,23/05/2020,Javier,Microsoft,Nuevo León,Aluminio,62.5641,4800.8232,300359.1828
772,01/06/2020,Miguel,Spotify,Veracruz,Aluminio,68.7852,824.0252,56680.7382
773,28/07/2020,Rodrigo,Huawei,Jalisco,Titanio,61.0905,4394.4989,268462.1351
774,16/12/2020,David,Samsung,Puebla,Cobre,40.1522,3499.4904,140512.2384
775,13/05/2020,Miguel,Sony,Ciudad de México,Aluminio,91.6472,2733.9547,250559.2932
776,30/03/2020,David,Spotify,Jalisco,Plata,71.9602,2290.091,164795.4064
777,28/04/2020,David,Microsoft,Michoacán,Plata,54.766,4611.6374,252560.9338
778,16/07/2020,Juan,Huawei,Puebla,Zinc,50.0206,3126.0895,156368.8724
779,30/07/2020,Felipe,Samsung,Veracruz,Titanio,53.5723,1844.7098,98825.3468
780,20/11/2020,David,Facebook,Michoacán,Níquel,34.8894,4312.4684,150459.435
781,14/04/2020,Rodrigo,Google,Nuevo León,Hierro,22.3304,4763.3457,106367.4148
782,28/08/2020,Juan,Huawei,Nuevo León,Aluminio,9.606,1109.4889,10657.7504
783,13/03/2020,Juan,Spotify,Tamaulipas,Plata,15.1193,4364.6202,65990.0022
784,17/04/2020,Miguel,Apple,Michoacán,Zinc,78.1624,2916.9435,227995.3046
785,09/01/2020,Sergio,Amazon,Ciudad de México,Titanio,37.866,2691.9886,101934.8403
786,21/09/2020,Javier,Netflix,Ciudad de México,Zinc,64.277,2705.0303,173871.2326
787,04/09/2020,Juan,Microsoft,Tamaulipas,Zinc,10.1406,2243.9088,22754.5816
788,26/11/2020,Javier,Amazon,Jalisco,Oro,67.3562,4688.6377,315808.8186
789,12/07/2020,Javier,Huawei,Ciudad de México,Aluminio,70.9678,2417.7937,171585.4997
790,12/10/2020,Sergio,Facebook,Michoacán,Zinc,37.9887,3950.7841,150085.1519
791,16/02/2020,Sergio,Google,Michoacán,Oro,45.6597,2856.0392,130405.8931
792,23/09/2020,Sergio,Spotify,Guerrero,Aluminio,92.9104,1302.8168,121045.23
793,16/04/2020,Miguel,Netflix,Veracruz,Platino,75.9887,1151.3995,87493.3512
794,11/01/2020,Alejandro,Huawei,Guerrero,Aluminio,79.0941,502.437,39739.8023
795,27/01/2020,Sergio,Spotify,Veracruz,Aluminio,4.7835,3412.0091,16321.3455
796,11/11/2020,Javier,Samsung,Guerrero,Cobre,30.7708,2798.173,86102.0217
797,23/03/2020,Felipe,Spotify,Jalisco,Níquel,27.9474,4268.75,119300.4637
798,14/06/2020,David,Spotify,Guerrero,Cobre,66.3231,4906.681,325426.2946
799,11/07/2020,Miguel,Sony,Michoacán,Platino,53.6169,1371.0127,73509.4508
800,25/05/2020,Felipe,Facebook,Ciudad de México,Hierro,21.8239,1401.0708,30576.829
801,01/03/2020,David,Google,Ciudad de México,Titanio,8.6549,2475.2211,21422.7911
802,23/06/2020,Carlos,Apple,Veracruz,Zinc,3.4161,3367.2536,11502.875
803,06/07/2020,Alejandro,Microsoft,Michoacán,Plata,55.6846,2553.1477,142171.0084
804,28/09/2020,Rodrigo,Microsoft,Nuevo León,Cobre,31.5271,3945.7934,124399.4231
805,19/03/2020,Miguel,Google,Guerrero,Zinc,93.8591,264.6652,24841.2375
806,18/11/2020,Sergio,Microsoft,Nuevo León,Plata,85.8922,1397.6904,120050.7034
807,25/12/2020,Carlos,Facebook,Michoacán,Plata,63.9905,3527.2737,225712.0077
808,22/10/2020,Juan,Netflix,Jalisco,Oro,8.5532,2833.3997,24234.6343
809,31/01/2020,David,Sony,Veracruz,Platino,27.4224,3249.2971,89103.5248
810,08/09/2020,Daniel,Microsoft,Puebla,Hierro,33.9906,4803.4711,163272.8648
811,06/08/2020,Javier,Samsung,Nuevo León,Cobre,11.1877,3644.7778,40776.6806
812,16/08/2020,Rodrigo,Google,Puebla,Oro,92.6767,4302.2483,398718.175
813,21/04/2020,Alejandro,Apple,Veracruz,Cinc,25.212,773.7219,19507.0765
814,05/08/2020,Alejandro,Apple,Tamaulipas,Aluminio,95.8311,1212.8698,116230.6471
815,02/09/2020,Sergio,Apple,Michoacán,Hierro,16.0197,1081.2725,17321.6611
816,07/09/2020,Felipe,Amazon,Tamaulipas,Aluminio,18.1926,4889.4457,88951.7298
817,12/10/2020,Miguel,Google,Veracruz,Níquel,98.3692,3867.1775,380411.1569
818,19/01/2020,Daniel,Microsoft,Jalisco,Cobre,25.6236,4048.2006,103729.4729
819,20/07/2020,David,Samsung,Tamaulipas,Hierro,72.7126,2160.2564,157077.8595
820,25/09/2020,Sergio,Netflix,Veracruz,Níquel,53.6621,1196.7364,64219.3884
821,06/05/2020,Rodrigo,Netflix,Guerrero,Titanio,3.5109,2529.8979,8882.2185
822,30/03/2020,Felipe,Microsoft,Nuevo León,Níquel,6.2273,3195.9114,19901.8991
823,15/04/2020,Rodrigo,Netflix,Puebla,Plata,10.2102,4413.6775,45064.53
824,21/02/2020,Felipe,Netflix,Michoacán,Níquel,84.8412,2775.3745,235466.103
825,17/03/2020,Sergio,Sony,Puebla,Níquel,16.1573,1013.1554,16369.8557
826,22/07/2020,Alejandro,Apple,Veracruz,Cobre,18.3525,4828.0969,88607.6484
827,09/07/2020,Juan,Apple,Michoacán,Cinc,86.6963,1315.4551,114045.09
828,18/06/2020,Javier,Samsung,Jalisco,Zinc,75.3204,3165.0357,238391.7549
829,19/10/2020,Daniel,Facebook,Nuevo León,Zinc,9.0743,2566.4122,23288.3942
830,12/07/2020,Javier,Huawei,Jalisco,Zinc,7.0815,1479.332,10475.8896
831,12/02/2020,Miguel,Facebook,Jalisco,Platino,34.2807,2968.8728,101775.0378
832,25/08/2020,Miguel,Netflix,Tamaulipas,Cinc,76.503,4316.2994,330209.853
833,09/06/2020,Miguel,Google,Veracruz,Cobre,48.664,4539.2053,220895.8867
834,30/11/2020,Daniel,Spotify,Veracruz,Plata,70.4267,654.9279,46124.4107
835,03/05/2020,Daniel,Sony,Tamaulipas,Platino,45.7353,3302.6756,151048.8594
836,22/02/2020,Rodrigo,Amazon,Nuevo León,Hierro,54.9647,3568.3743,196134.6229
837,29/12/2020,Felipe,Sony,Nuevo León,Plata,61.899,3871.4485,239638.7907
838,30/07/2020,Carlos,Huawei,Guerrero,Cinc,6.8812,146.8333,1010.3893
839,03/03/2020,Alejandro,Microsoft,Jalisco,Cinc,52.6975,3262.9265,171948.0692
840,27/09/2020,Alejandro,Huawei,Guerrero,Zinc,92.0302,920.6806,84730.4198
841,10/05/2020,Sergio,Spotify,Michoacán,Platino,81.3418,239.4453,19476.9117
842,08/03/2020,Rodrigo,Huawei,Veracruz,Titanio,53.5672,705.4809,37790.6365
843,09/04/2020,Javier,Sony,Veracruz,Hierro,44.3518,4383.9917,194437.9231
844,17/09/2020,Daniel,Microsoft,Guerrero,Plata,36.6229,4190.182,153456.6164
845,03/06/2020,Felipe,Amazon,Nuevo León,Níquel,65.9262,3506.1935,231150.0139
846,26/08/2020,Felipe,Microsoft,Ciudad de México,Platino,69.5567,686.1852,47728.7781
847,19/05/2020,Carlos,Facebook,Tamaulipas,Níquel,13.1081,1530.9621,20068.0043
848,20/01/2020,Rodrigo,Facebook,Michoacán,Zinc,12.0169,4773.0184,57356.8848
849,15/03/2020,Javier,Netflix,Nuevo León,Cobre,76.9272,1040.6976,80057.9524
850,12/11/2020,Juan,Sony,Jalisco,Cobre,49.2556,1656.9304,81613.101
851,06/07/2020,David,Apple,Jalisco,Cinc,65.2411,4717.0933,307748.3557
852,15/01/2020,Rodrigo,Sony,Veracruz,Oro,51.9308,1979.1649,102779.6166
853,19/06/2020,David,Microsoft,Michoacán,Cobre,29.0963,2845.8252,82802.9838
854,07/08/2020,Miguel,Amazon,Puebla,Titanio,77.7987,1552.513,120783.4931
855,20/09/2020,Rodrigo,Microsoft,Guerrero,Platino,66.4894,1901.2317,126411.755
856,03/02/2020,Felipe,Spotify,Guerrero,Cinc,78.1365,1044.2455,81593.6885
857,02/01/2020,David,Sony,Michoacán,Cobre,52.6724,4180.0679,220174.2085
858,19/01/2020,Rodrigo,Google,Nuevo León,Cinc,52.6946,3481.7094,183467.2841
859,01/10/2020,Daniel,Spotify,Puebla,Platino,56.9819,1734.3605,98827.1566
860,07/12/2020,Sergio,Amazon,Veracruz,Cinc,42.5238,3790.948,161205.5146
861,06/04/2020,Javier,Samsung,Tamaulipas,Cobre,56.4787,4598.5402,259719.5724
862,18/04/2020,Alejandro,Amazon,Michoacán,Cobre,16.7919,4771.7197,80126.24
863,14/12/2020,Juan,Spotify,Michoacán,Cobre,76.7187,4580.1078,351379.9163
864,20/12/2020,Daniel,Huawei,Ciudad de México,Plata,8.065,1586.148,12792.2836
865,24/01/2020,Alejandro,Apple,Tamaulipas,Platino,66.92,3990.7271,267059.4575
866,24/08/2020,Juan,Samsung,Jalisco,Hierro,78.9097,4968.7282,392080.8516
867,13/12/2020,Alejandro,Apple,Nuevo León,Zinc,69.1153,1340.2341,92630.6819
868,10/10/2020,Daniel,Facebook,Ciudad de México,Titanio,78.3066,4434.3397,347238.0652
869,10/11/2020,Juan,Apple,Veracruz,Titanio,91.1308,1523.8292,138867.7741
870,10/07/2020,Carlos,Samsung,Michoacán,Cobre,95.5087,4315.3502,412153.4876
871,15/12/2020,Rodrigo,Facebook,Ciudad de México,Platino,90.9429,679.9673,61838.1982
872,19/02/2020,David,Netflix,Ciudad de México,Oro,31.6648,901.1565,28534.9403
873,20/04/2020,Rodrigo,Facebook,Jalisco,Cinc,87.4942,2460.0613,215241.0954
874,22/09/2020,Felipe,Microsoft,Ciudad de México,Aluminio,86.179,3989.7191,343830.0023
875,21/06/2020,Miguel,Apple,Ciudad de México,Hierro,29.5326,251.2935,7421.3504
876,13/01/2020,Sergio,Sony,Guerrero,Aluminio,95.8979,122.7906,11775.3607
877,20/08/2020,Daniel,Sony,Tamaulipas,Plata,12.6081,1003.9459,12657.8503
878,28/01/2020,Alejandro,Samsung,Tamaulipas,Plata,47.8862,3481.8866,166734.3181
879,20/12/2020,Rodrigo,Amazon,Nuevo León,Plata,58.0364,2818.1829,163557.1901
880,11/08/2020,Juan,Samsung,Michoacán,Titanio,65.0461,1993.6417,129678.6174
881,05/08/2020,Miguel,Microsoft,Veracruz,Oro,59.4657,1247.2047,74165.9005
882,26/04/2020,Miguel,Sony,Michoacán,Hierro,63.7388,4778.5929,304581.7771
883,07/11/2020,Rodrigo,Sony,Puebla,Níquel,23.4268,267.7532,6272.6007
884,05/03/2020,Alejandro,Microsoft,Guerrero,Cobre,55.1168,3708.8614,204420.572
885,27/02/2020,David,Apple,Veracruz,Titanio,85.0685,1541.1787,131105.7602
886,08/08/2020,Daniel,Huawei,Veracruz,Plata,7.675,2236.5849,17165.7891
887,22/09/2020,Miguel,Spotify,Veracruz,Cobre,84.2044,2654.9481,223558.3118
888,29/07/2020,Miguel,Microsoft,Tamaulipas,Níquel,75.0845,450.6382,33835.9439
889,16/02/2020,Felipe,Samsung,Veracruz,Oro,6.0829,2472.9646,15042.7964
890,28/07/2020,Javier,Netflix,Guerrero,Oro,70.1617,2442.2444,171352.0189
891,20/06/2020,Javier,Facebook,Tamaulipas,Oro,87.8837,3489.4276,306663.8084
892,02/04/2020,Javier,Google,Jalisco,Níquel,89.6265,3636.9275,325965.0826
893,08/12/2020,Rodrigo,Spotify,Guerrero,Cobre,27.536,4337.3864,119434.2719
894,12/01/2020,Miguel,Facebook,Michoacán,Cinc,34.3109,4572.1261,156873.7614
895,04/06/2020,Daniel,Amazon,Guerrero,Zinc,38.6821,1080.8702,41810.3292
896,13/07/2020,Felipe,Microsoft,Puebla,Platino,46.3164,3381.8524,156635.2285
897,24/06/2020,David,Apple,Ciudad de México,Platino,28.2842,2967.8973,83944.6008
898,25/07/2020,Javier,Spotify,Michoacán,Cinc,35.0632,2993.3029,104954.7782
899,23/12/2020,Javier,Google,Puebla,Aluminio,46.1966,4418.8253,204134.7049
900,11/08/2020,Sergio,Huawei,Veracruz,Aluminio,44.6749,3507.1016,156679.4133
901,04/01/2020,Sergio,Google,Tamaulipas,Aluminio,82.7495,2816.5624,233069.1303
902,09/12/2020,Rodrigo,Apple,Jalisco,Aluminio,82.1429,4802.3876,394482.0444
903,17/06/2020,Carlos,Huawei,Michoacán,Cobre,70.7145,4904.5943,346825.9336
904,17/06/2020,Sergio,Apple,Nuevo León,Plata,38.6534,1680.1052,64941.7783
905,01/02/2020,Alejandro,Google,Tamaulipas,Cinc,63.9899,820.2541,52487.9778
906,03/05/2020,Daniel,Microsoft,Tamaulipas,Zinc,79.1877,3020.9318,239220.6411
907,27/12/2020,Rodrigo,Microsoft,Nuevo León,Aluminio,26.9121,3255.0304,87599.7036
908,27/02/2020,David,Amazon,Tamaulipas,Cobre,46.1592,912.8899,42138.2675
909,13/09/2020,Felipe,Spotify,Nuevo León,Platino,40.3019,3296.9245,132872.3215
910,25/02/2020,David,Sony,Ciudad de México,Aluminio,82.245,1337.9702,110041.3591
911,06/10/2020,Felipe,Microsoft,Guerrero,Plata,43.4904,4492.8746,195396.9135
912,17/11/2020,Sergio,Facebook,Tamaulipas,Oro,59.0315,1630.7861,96267.7497
913,10/03/2020,Sergio,Apple,Guerrero,Zinc,32.3232,1970.9426,63707.1718
914,28/12/2020,Rodrigo,Netflix,Veracruz,Níquel,60.146,4732.2573,284626.3476
915,22/05/2020,Daniel,Sony,Veracruz,Oro,9.3607,4009.0319,37527.3449
916,13/09/2020,Felipe,Apple,Jalisco,Oro,17.7313,1801.556,31943.9299
917,30/10/2020,Felipe,Microsoft,Michoacán,Aluminio,86.3608,4397.0289,379730.9334
918,16/04/2020,David,Huawei,Guerrero,Titanio,1.9689,607.2838,1195.6811
919,29/01/2020,Felipe,Spotify,Jalisco,Plata,61.1459,2819.1083,172376.9142
920,07/08/2020,Javier,Spotify,Ciudad de México,Aluminio,92.5983,4860.1722,450043.6834
921,16/02/2020,Daniel,Spotify,Veracruz,Zinc,1.2749,2001.5664,2551.797
922,16/12/2020,Daniel,Samsung,Veracruz,Aluminio,97.4429,154.3147,15036.8719
923,16/07/2020,Rodrigo,Microsoft,Nuevo León,Platino,79.064,1575.94,124600.1202
924,28/04/2020,Juan,Netflix,Michoacán,Titanio,11.2612,3183.8258,35853.6991
925,02/06/2020,David,Samsung,Puebla,Níquel,16.665,2609.9568,43494.9301
926,04/08/2020,Felipe,Apple,Jalisco,Oro,81.0927,2644.0506,214413.2021
927,02/11/2020,David,Facebook,Puebla,Zinc,49.7811,4172.9694,207735.007
928,02/08/2020,Sergio,Google,Ciudad de México,Cinc,21.0118,889.095,18681.4863
929,10/01/2020,Rodrigo,Netflix,Ciudad de México,Cinc,97.9035,2359.8182,231034.4611
930,27/02/2020,David,Samsung,Tamaulipas,Plata,36.9756,2801.1348,103573.6399
931,15/10/2020,Sergio,Sony,Nuevo León,Oro,29.4475,1279.5707,37680.1582
932,31/03/2020,Felipe,Google,Jalisco,Platino,4.7987,1546.3983,7420.7015
933,15/08/2020,Carlos,Huawei,Tamaulipas,Níquel,66.4917,570.4285,37928.7607
934,21/09/2020,Sergio,Apple,Veracruz,Plata,88.3907,4269.9315,377422.2342
935,13/12/2020,Juan,Amazon,Puebla,Cobre,54.0573,215.9484,11673.5874
936,27/10/2020,Carlos,Huawei,Ciudad de México,Cinc,5.5121,1217.3715,6710.2734
937,20/08/2020,Sergio,Samsung,Jalisco,Cobre,69.1864,4835.1946,334529.7077
938,03/08/2020,Juan,Amazon,Veracruz,Níquel,50.0077,4578.6377,228967.1405
939,09/06/2020,Felipe,Netflix,Nuevo León,Plata,29.2901,803.3023,23528.8047
940,10/05/2020,Daniel,Samsung,Tamaulipas,Aluminio,46.9203,2768.5302,129900.2675
941,30/08/2020,Alejandro,Huawei,Tamaulipas,Zinc,7.1726,1909.6386,13697.0738
942,24/03/2020,Rodrigo,Spotify,Tamaulipas,Cobre,84.2503,2516.7512,212037.0436
943,30/05/2020,David,Facebook,Puebla,Cobre,80.2439,3455.89,277314.0916
944,10/02/2020,Javier,Facebook,Michoacán,Oro,9.157,490.0994,4487.8402
945,17/03/2020,David,Google,Tamaulipas,Platino,85.9414,4773.908,410276.337
946,09/05/2020,David,Google,Ciudad de México,Níquel,7.7765,1880.7868,14625.9386
947,16/02/2020,Felipe,Amazon,Ciudad de México,Aluminio,98.1119,2202.6949,216110.5818
948,26/05/2020,Felipe,Sony,Guerrero,Níquel,69.719,2822.5899,196788.1452
949,26/12/2020,Javier,Sony,Michoacán,Titanio,24.982,424.9682,10616.5556
950,03/05/2020,Javier,Google,Jalisco,Aluminio,26.7861,3833.8419,102693.6725
951,26/03/2020,Sergio,Google,Guerrero,Oro,10.7762,2615.5397,28185.5789
952,24/12/2020,Alejandro,Google,Nuevo León,Zinc,31.5444,2055.5246,64840.2902
953,08/06/2020,David,Netflix,Puebla,Aluminio,60.8933,3773.3317,229770.6192
954,13/03/2020,Carlos,Sony,Tamaulipas,Platino,93.1236,2605.606,242643.4109
955,18/04/2020,Carlos,Netflix,Michoacán,Cinc,37.2555,803.5097,29935.1556
956,27/12/2020,David,Samsung,Guerrero,Cinc,30.1249,3085.9275,92963.2573
957,16/03/2020,Miguel,Spotify,Tamaulipas,Oro,88.2768,4663.4289,411672.5803
958,08/07/2020,Rodrigo,Netflix,Puebla,Zinc,82.9595,3244.3131,269146.5926
959,17/11/2020,Felipe,Samsung,Nuevo León,Cobre,40.4137,1288.9224,52090.1232
960,25/07/2020,David,Facebook,Nuevo León,Platino,27.6744,3148.9652,87145.7225
961,13/06/2020,Juan,Apple,Ciudad de México,Cobre,52.5174,895.4007,47024.1167
962,25/05/2020,Carlos,Microsoft,Puebla,Platino,54.9775,4469.6778,245731.7112
963,16/02/2020,Miguel,Sony,Veracruz,Oro,84.529,2122.3731,179402.0758
964,23/11/2020,Felipe,Apple,Michoacán,Cinc,53.2572,1319.6426,70280.4699
965,19/10/2020,Rodrigo,Spotify,Ciudad de México,Platino,22.3916,3341.1368,74813.3988
966,20/06/2020,Miguel,Google,Michoacán,Níquel,30.7065,1307.6812,40154.3128
967,19/09/2020,Daniel,Spotify,Nuevo León,Titanio,35.5272,1181.7384,41983.8565
968,05/04/2020,Juan,Samsung,Tamaulipas,Plata,47.9866,2759.7053,132428.8743
969,22/09/2020,Rodrigo,Samsung,Tamaulipas,Cobre,66.8846,4857.3607,324882.6275
970,03/11/2020,Sergio,Spotify,Jalisco,Plata,59.9397,1794.2919,107549.3182
971,01/04/2020,Javier,Spotify,Jalisco,Titanio,46.2294,2759.6764,127578.1842
972,09/10/2020,Daniel,Amazon,Guerrero,Cobre,14.0739,2328.3963,32769.6167
973,29/06/2020,Alejandro,Facebook,Veracruz,Plata,11.9984,4875.0474,58492.7687
974,28/07/2020,Daniel,Netflix,Michoacán,Platino,85.7624,4050.1975,347354.6581
975,26/01/2020,Rodrigo,Facebook,Tamaulipas,Cobre,6.2531,1820.4674,11383.5647
976,26/12/2020,Alejandro,Samsung,Guerrero,Oro,71.7521,1366.927,98079.8828
977,08/11/2020,Felipe,Netflix,Michoacán,Plata,83.3813,1439.1251,119996.1217
978,21/11/2020,Miguel,Huawei,Nuevo León,Titanio,68.2217,844.9709,57645.3512
979,06/12/2020,Rodrigo,Google,Nuevo León,Níquel,32.8321,4105.6375,134796.701
980,21/12/2020,Felipe,Huawei,Puebla,Plata,40.4919,2032.007,82279.8242
981,27/07/2020,David,Apple,Ciudad de México,Hierro,52.2856,1041.073,54433.1264
982,24/05/2020,Carlos,Facebook,Guerrero,Oro,20.0013,2655.5558,53114.5682
983,26/12/2020,Daniel,Apple,Puebla,Platino,22.8376,3470.8744,79266.4412
984,14/12/2020,Rodrigo,Spotify,Veracruz,Platino,17.3308,1869.0455,32392.0538
985,28/04/2020,Carlos,Samsung,Tamaulipas,Cinc,7.7231,2188.087,16898.8147
986,23/01/2020,Juan,Sony,Veracruz,Níquel,86.5823,128.6766,11141.116
987,27/01/2020,Daniel,Amazon,Tamaulipas,Zinc,15.3549,243.3953,3737.3105
988,09/01/2020,Javier,Netflix,Tamaulipas,Oro,78.4144,2373.4538,186112.9557
989,26/03/2020,David,Microsoft,Jalisco,Titanio,5.599,1134.5932,6352.5873
990,30/04/2020,Rodrigo,Facebook,Guerrero,Platino,24.4073,2311.8872,56426.9245
991,13/03/2020,Juan,Facebook,Puebla,Aluminio,34.4212,2583.1561,88915.3327
992,07/03/2020,David,Spotify,Tamaulipas,Cinc,5.1389,1303.3296,6697.6805
993,11/06/2020,Javier,Huawei,Guerrero,Cobre,34.381,1983.7157,68202.1295
994,30/12/2020,Sergio,Amazon,Veracruz,Cinc,89.1026,3797.616,338377.4594
995,30/11/2020,Daniel,Facebook,Veracruz,Plata,5.2578,969.3337,5096.5627
996,20/11/2020,Rodrigo,Spotify,Jalisco,Plata,86.3389,4525.775,390750.4351
997,03/07/2020,Juan,Apple,Nuevo León,Cinc,24.9391,1134.0647,28282.553
998,17/02/2020,Carlos,Facebook,Ciudad de México,Oro,9.775,4072.3354,39807.0785
999,30/12/2020,Carlos,Samsung,Guerrero,Níquel,65.3728,3977.6118,260027.6207
1000,11/08/2020,Carlos,Facebook,Michoacán,Platino,13.4669,3215.5923,43304.0599
